-- phpMyAdmin SQL Dump
-- version 4.0.4.1
-- http://www.phpmyadmin.net
--
-- Host: localhost
-- Generation Time: Oct 15, 2013 at 06:36 PM
-- Server version: 5.6.12
-- PHP Version: 5.5.3

SET SQL_MODE = "NO_AUTO_VALUE_ON_ZERO";
SET time_zone = "+00:00";


/*!40101 SET @OLD_CHARACTER_SET_CLIENT=@@CHARACTER_SET_CLIENT */;
/*!40101 SET @OLD_CHARACTER_SET_RESULTS=@@CHARACTER_SET_RESULTS */;
/*!40101 SET @OLD_COLLATION_CONNECTION=@@COLLATION_CONNECTION */;
/*!40101 SET NAMES utf8 */;

--
-- Database: `ubicomp`
--
CREATE DATABASE IF NOT EXISTS `ubicomp` DEFAULT CHARACTER SET latin1 COLLATE latin1_swedish_ci;
USE `ubicomp`;

-- --------------------------------------------------------

--
-- Table structure for table `arduino_readings`
--

CREATE TABLE IF NOT EXISTS `arduino_readings` (
  `id` int(11) NOT NULL AUTO_INCREMENT,
  `start_time` timestamp NOT NULL DEFAULT CURRENT_TIMESTAMP ON UPDATE CURRENT_TIMESTAMP,
  `end_time` timestamp NOT NULL DEFAULT '0000-00-00 00:00:00',
  PRIMARY KEY (`id`)
) ENGINE=InnoDB  DEFAULT CHARSET=latin1 AUTO_INCREMENT=2138 ;

--
-- Dumping data for table `arduino_readings`
--

INSERT INTO `arduino_readings` (`id`, `start_time`, `end_time`) VALUES
(1602, '2013-02-27 15:28:29', '2013-02-27 15:29:46'),
(1603, '2013-02-27 15:29:50', '2013-02-27 15:29:57'),
(1604, '2013-02-27 15:30:01', '2013-02-27 15:30:47'),
(1605, '2013-02-27 15:30:53', '2013-02-27 15:31:23'),
(1606, '2013-02-27 15:31:27', '2013-02-27 15:31:44'),
(1607, '2013-02-27 15:31:46', '2013-02-27 15:31:53'),
(1608, '2013-02-27 15:32:03', '2013-02-27 15:33:07'),
(1609, '2013-02-27 15:33:22', '2013-02-27 15:33:42'),
(1610, '2013-02-27 15:34:25', '2013-02-27 15:35:14'),
(1611, '2013-02-27 15:35:18', '2013-02-27 15:35:41'),
(1612, '2013-02-27 15:35:42', '2013-02-27 15:35:52'),
(1613, '2013-02-27 15:35:52', '2013-02-27 15:37:25'),
(1614, '2013-02-27 15:37:28', '2013-02-27 15:37:44'),
(1615, '2013-02-27 15:37:44', '2013-02-27 15:38:07'),
(1616, '2013-02-27 15:38:15', '2013-02-27 15:38:53'),
(1617, '2013-02-27 15:39:11', '2013-02-27 15:39:21'),
(1618, '2013-02-27 15:39:31', '2013-02-27 15:39:41'),
(1619, '2013-02-27 15:39:43', '2013-02-27 15:39:53'),
(1620, '2013-02-27 15:40:03', '2013-02-27 15:40:13'),
(1621, '2013-02-27 15:40:54', '2013-02-27 15:41:05'),
(1622, '2013-02-27 15:41:05', '2013-02-27 15:41:21'),
(1623, '2013-02-27 15:42:04', '2013-02-27 15:42:42'),
(1624, '2013-02-27 15:42:48', '2013-02-27 15:42:57'),
(1625, '2013-02-27 15:43:03', '2013-02-27 15:43:44'),
(1626, '2013-02-27 15:43:45', '2013-02-27 15:43:59'),
(1627, '2013-02-27 15:44:00', '2013-02-27 15:44:30'),
(1628, '2013-02-27 15:44:41', '2013-02-27 15:44:49'),
(1629, '2013-02-27 15:45:08', '2013-02-27 15:45:17'),
(1630, '2013-02-27 15:45:28', '2013-02-27 15:45:39'),
(1631, '2013-02-27 15:45:39', '2013-02-27 15:45:51'),
(1632, '2013-02-27 15:45:58', '2013-02-27 15:46:53'),
(1633, '2013-02-27 15:46:54', '2013-02-27 15:47:16'),
(1634, '2013-02-27 15:47:19', '2013-02-27 15:47:27'),
(1635, '2013-02-27 15:47:28', '2013-02-27 15:48:02'),
(1636, '2013-02-27 15:48:23', '2013-02-27 15:48:30'),
(1637, '2013-02-27 15:48:30', '2013-02-27 15:49:07'),
(1638, '2013-02-27 15:49:10', '2013-02-27 15:49:19'),
(1639, '2013-02-27 15:49:22', '2013-02-27 15:49:31'),
(1640, '2013-02-27 15:49:33', '2013-02-27 15:49:44'),
(1641, '2013-02-27 15:49:47', '2013-02-27 15:50:23'),
(1642, '2013-02-27 15:50:27', '2013-02-27 15:51:08'),
(1643, '2013-02-27 15:51:19', '2013-02-27 15:51:33'),
(1644, '2013-02-27 15:51:34', '2013-02-27 15:52:32'),
(1645, '2013-02-27 15:52:38', '2013-02-27 15:52:49'),
(1646, '2013-02-27 15:53:00', '2013-02-27 15:53:16'),
(1647, '2013-02-27 15:53:16', '2013-02-27 15:53:28'),
(1648, '2013-02-27 15:53:34', '2013-02-27 15:54:20'),
(1649, '2013-02-27 15:54:27', '2013-02-27 15:54:59'),
(1650, '2013-02-27 15:55:04', '2013-02-27 15:55:26'),
(1651, '2013-02-27 15:55:42', '2013-02-27 15:56:58'),
(1652, '2013-02-27 15:57:23', '2013-02-27 15:57:55'),
(1653, '2013-02-27 15:58:25', '2013-02-27 15:58:33'),
(1654, '2013-02-27 15:58:34', '2013-02-27 15:59:05'),
(1655, '2013-02-27 15:59:06', '2013-02-27 15:59:17'),
(1656, '2013-02-27 15:59:19', '2013-02-27 15:59:27'),
(1657, '2013-02-27 15:59:43', '2013-02-27 15:59:51'),
(1658, '2013-02-27 16:00:08', '2013-02-27 16:00:20'),
(1659, '2013-02-27 16:00:36', '2013-02-27 16:00:44'),
(1660, '2013-02-27 16:00:45', '2013-02-27 16:01:09'),
(1661, '2013-02-27 16:01:13', '2013-02-27 16:01:21'),
(1662, '2013-02-27 16:01:30', '2013-02-27 16:01:51'),
(1663, '2013-02-27 16:01:53', '2013-02-27 16:02:05'),
(1664, '2013-02-27 16:02:12', '2013-02-27 16:02:26'),
(1665, '2013-02-27 16:02:29', '2013-02-27 16:02:58'),
(1666, '2013-02-27 16:02:59', '2013-02-27 16:03:12'),
(1667, '2013-02-27 16:03:31', '2013-02-27 16:03:45'),
(1668, '2013-02-27 16:03:49', '2013-02-27 16:03:58'),
(1669, '2013-02-27 16:04:02', '2013-02-27 16:04:11'),
(1670, '2013-02-27 16:04:29', '2013-02-27 16:04:37'),
(1671, '2013-02-27 16:04:39', '2013-02-27 16:04:49'),
(1672, '2013-02-27 16:04:51', '2013-02-27 16:04:59'),
(1673, '2013-02-27 16:05:00', '2013-02-27 16:05:07'),
(1674, '2013-02-27 16:05:39', '2013-02-27 16:05:50'),
(1675, '2013-02-27 16:07:48', '2013-02-27 16:07:56'),
(1676, '2013-02-27 16:08:03', '2013-02-27 16:08:11'),
(1677, '2013-02-27 16:08:39', '2013-02-27 16:08:58'),
(1678, '2013-02-27 16:10:05', '2013-02-27 16:10:23'),
(1679, '2013-02-27 16:10:51', '2013-02-27 16:10:59'),
(1680, '2013-02-27 16:11:04', '2013-02-27 16:13:00'),
(1681, '2013-02-27 16:13:00', '2013-02-27 16:13:22'),
(1682, '2013-02-27 16:13:30', '2013-02-27 16:14:45'),
(1683, '2013-02-27 16:14:45', '2013-02-27 16:15:33'),
(1684, '2013-02-27 16:15:34', '2013-02-27 16:15:54'),
(1685, '2013-02-27 16:16:17', '2013-02-27 16:16:32'),
(1686, '2013-02-27 16:16:36', '2013-02-27 16:17:16'),
(1687, '2013-02-27 16:17:23', '2013-02-27 16:18:05'),
(1688, '2013-02-27 16:18:06', '2013-02-27 16:18:28'),
(1689, '2013-02-27 16:18:37', '2013-02-27 16:18:45'),
(1690, '2013-02-27 16:18:50', '2013-02-27 16:19:21'),
(1691, '2013-02-27 16:19:30', '2013-02-27 16:19:40'),
(1692, '2013-02-27 16:19:51', '2013-02-27 16:20:11'),
(1693, '2013-02-27 16:20:11', '2013-02-27 16:20:32'),
(1694, '2013-02-27 16:20:37', '2013-02-27 16:20:46'),
(1695, '2013-02-27 16:20:46', '2013-02-27 16:20:54'),
(1696, '2013-02-27 16:20:58', '2013-02-27 16:21:07'),
(1697, '2013-02-27 16:21:41', '2013-02-27 16:22:23'),
(1698, '2013-02-27 16:22:24', '2013-02-27 16:22:37'),
(1699, '2013-02-27 16:22:37', '2013-02-27 16:22:51'),
(1700, '2013-02-27 16:23:21', '2013-02-27 16:23:29'),
(1701, '2013-02-27 16:23:29', '2013-02-27 16:23:53'),
(1702, '2013-02-27 16:24:21', '2013-02-27 16:24:29'),
(1703, '2013-02-27 16:25:01', '2013-02-27 16:25:10'),
(1704, '2013-02-27 16:25:32', '2013-02-27 16:25:43'),
(1705, '2013-02-27 16:25:58', '2013-02-27 16:26:06'),
(1706, '2013-02-27 16:26:10', '2013-02-27 16:26:28'),
(1707, '2013-02-27 16:26:40', '2013-02-27 16:26:50'),
(1708, '2013-02-27 16:27:06', '2013-02-27 16:27:16'),
(1709, '2013-02-27 16:27:17', '2013-02-27 16:27:36'),
(1710, '2013-02-27 16:27:40', '2013-02-27 16:28:26'),
(1711, '2013-02-27 16:28:26', '2013-02-27 16:28:35'),
(1712, '2013-02-27 16:28:49', '2013-02-27 16:28:56'),
(1713, '2013-02-27 16:29:16', '2013-02-27 16:29:30'),
(1714, '2013-02-27 16:29:32', '2013-02-27 16:30:04'),
(1715, '2013-02-27 16:30:18', '2013-02-27 16:30:43'),
(1716, '2013-02-27 16:30:44', '2013-02-27 16:31:06'),
(1717, '2013-02-27 16:31:51', '2013-02-27 16:32:17'),
(1718, '2013-02-27 16:32:18', '2013-02-27 16:33:53'),
(1719, '2013-02-27 16:33:53', '2013-02-27 16:34:04'),
(1720, '2013-02-27 16:34:05', '2013-02-27 16:34:40'),
(1721, '2013-02-27 16:35:02', '2013-02-27 16:35:17'),
(1722, '2013-02-27 16:35:17', '2013-02-27 16:35:36'),
(1723, '2013-02-27 16:35:37', '2013-02-27 16:35:56'),
(1724, '2013-02-27 16:35:58', '2013-02-27 16:36:16'),
(1725, '2013-02-27 16:36:18', '2013-02-27 16:37:06'),
(1726, '2013-02-27 16:37:08', '2013-02-27 16:37:36'),
(1727, '2013-02-27 16:37:40', '2013-02-27 16:37:48'),
(1728, '2013-02-27 16:38:28', '2013-02-27 16:38:36'),
(1729, '2013-02-27 16:38:39', '2013-02-27 16:38:55'),
(1730, '2013-02-27 16:39:14', '2013-02-27 16:39:36'),
(1731, '2013-02-27 16:39:40', '2013-02-27 16:39:48'),
(1732, '2013-02-27 16:39:50', '2013-02-27 16:39:58'),
(1733, '2013-02-27 16:40:11', '2013-02-27 16:43:25'),
(1734, '2013-02-27 16:43:27', '2013-02-27 16:44:26'),
(1735, '2013-02-27 16:44:28', '2013-02-27 16:44:41'),
(1736, '2013-02-27 16:44:54', '2013-02-27 16:45:02'),
(1737, '2013-02-27 16:45:52', '2013-02-27 16:46:02'),
(1738, '2013-02-27 16:46:05', '2013-02-27 16:46:13'),
(1739, '2013-02-27 16:46:16', '2013-02-27 16:46:25'),
(1740, '2013-02-27 16:46:51', '2013-02-27 16:47:15'),
(1741, '2013-02-27 16:47:24', '2013-02-27 16:47:47'),
(1742, '2013-02-27 16:47:51', '2013-02-27 16:48:08'),
(1743, '2013-02-27 16:48:25', '2013-02-27 16:48:48'),
(1744, '2013-02-27 16:49:51', '2013-02-27 16:49:59'),
(1745, '2013-02-27 16:50:10', '2013-02-27 16:50:20'),
(1746, '2013-02-27 16:50:37', '2013-02-27 16:50:48'),
(1747, '2013-02-27 16:50:49', '2013-02-27 16:51:00'),
(1748, '2013-02-27 16:51:04', '2013-02-27 16:51:38'),
(1749, '2013-02-27 16:51:48', '2013-02-27 16:51:56'),
(1750, '2013-02-27 16:51:57', '2013-02-27 16:53:29'),
(1751, '2013-02-27 16:53:29', '2013-02-27 16:53:53'),
(1752, '2013-02-27 16:53:53', '2013-02-27 16:54:17'),
(1753, '2013-02-27 16:54:23', '2013-02-27 16:54:31'),
(1754, '2013-02-27 16:54:33', '2013-02-27 16:54:59'),
(1755, '2013-02-27 16:55:00', '2013-02-27 16:55:14'),
(1756, '2013-02-27 16:55:37', '2013-02-27 16:55:50'),
(1757, '2013-02-27 16:55:56', '2013-02-27 16:56:15'),
(1758, '2013-02-27 16:56:18', '2013-02-27 16:56:27'),
(1759, '2013-02-27 16:56:32', '2013-02-27 16:56:40'),
(1760, '2013-02-27 16:56:40', '2013-02-27 16:56:50'),
(1761, '2013-02-27 16:56:51', '2013-02-27 16:56:59'),
(1762, '2013-02-27 16:57:29', '2013-02-27 16:57:53'),
(1763, '2013-02-27 16:58:05', '2013-02-27 16:58:44'),
(1764, '2013-02-27 16:58:45', '2013-02-27 16:58:54'),
(1765, '2013-02-27 16:58:58', '2013-02-27 16:59:24'),
(1766, '2013-02-27 16:59:26', '2013-02-27 17:00:12'),
(1767, '2013-02-27 17:00:31', '2013-02-27 17:00:39'),
(1768, '2013-02-27 17:00:41', '2013-02-27 17:01:40'),
(1769, '2013-02-27 17:02:05', '2013-02-27 17:02:13'),
(1770, '2013-02-27 17:02:25', '2013-02-27 17:03:26'),
(1771, '2013-02-27 17:03:27', '2013-02-27 17:04:33'),
(1772, '2013-02-27 17:05:02', '2013-02-27 17:05:49'),
(1773, '2013-02-27 17:05:57', '2013-02-27 17:06:05'),
(1774, '2013-02-27 17:06:09', '2013-02-27 17:06:22'),
(1775, '2013-02-27 17:06:37', '2013-02-27 17:06:57'),
(1776, '2013-02-27 17:07:02', '2013-02-27 17:07:09'),
(1777, '2013-02-27 17:07:12', '2013-02-27 17:07:35'),
(1778, '2013-02-27 17:07:45', '2013-02-27 17:07:52'),
(1779, '2013-02-27 17:08:11', '2013-02-27 17:08:28'),
(1780, '2013-02-27 17:08:29', '2013-02-27 17:08:37'),
(1781, '2013-02-27 17:08:38', '2013-02-27 17:08:55'),
(1782, '2013-02-27 17:08:59', '2013-02-27 17:09:28'),
(1783, '2013-02-27 17:09:56', '2013-02-27 17:10:18'),
(1784, '2013-02-27 17:10:20', '2013-02-27 17:11:06'),
(1785, '2013-02-27 17:11:28', '2013-02-27 17:12:03'),
(1786, '2013-02-27 17:12:07', '2013-02-27 17:13:05'),
(1787, '2013-02-27 17:13:30', '2013-02-27 17:13:37'),
(1788, '2013-02-27 17:13:40', '2013-02-27 17:14:06'),
(1789, '2013-02-27 17:14:27', '2013-02-27 17:14:41'),
(1790, '2013-02-27 17:14:49', '2013-02-27 17:14:59'),
(1791, '2013-02-27 17:15:04', '2013-02-27 17:15:11'),
(1792, '2013-02-27 17:15:50', '2013-02-27 17:16:03'),
(1793, '2013-02-27 17:16:09', '2013-02-27 17:16:26'),
(1794, '2013-02-27 17:16:48', '2013-02-27 17:16:57'),
(1795, '2013-02-27 17:16:59', '2013-02-27 17:17:07'),
(1796, '2013-02-27 17:17:07', '2013-02-27 17:17:15'),
(1797, '2013-02-27 17:17:30', '2013-02-27 17:17:38'),
(1798, '2013-02-27 17:18:02', '2013-02-27 17:18:38'),
(1799, '2013-02-27 17:18:42', '2013-02-27 17:18:50'),
(1800, '2013-02-27 17:19:14', '2013-02-27 17:19:40'),
(1801, '2013-02-27 17:19:40', '2013-02-27 17:20:09'),
(1802, '2013-02-27 17:20:12', '2013-02-27 17:21:26'),
(1803, '2013-02-27 17:21:30', '2013-02-27 17:21:58'),
(1804, '2013-02-27 17:21:58', '2013-02-27 17:22:16'),
(1805, '2013-02-27 17:22:17', '2013-02-27 17:23:08'),
(1806, '2013-02-27 17:23:09', '2013-02-27 17:23:38'),
(1807, '2013-02-27 17:23:55', '2013-02-27 17:24:12'),
(1808, '2013-02-27 17:24:22', '2013-02-27 17:25:57'),
(1809, '2013-02-27 17:25:57', '2013-02-27 17:26:31'),
(1810, '2013-02-27 17:26:32', '2013-02-27 17:26:56'),
(1811, '2013-02-27 17:26:57', '2013-02-27 17:27:33'),
(1812, '2013-02-27 17:27:36', '2013-02-27 17:28:12'),
(1813, '2013-02-27 17:28:24', '2013-02-27 17:29:14'),
(1814, '2013-02-27 17:29:19', '2013-02-27 17:29:53'),
(1815, '2013-02-27 17:29:59', '2013-02-27 17:30:17'),
(1816, '2013-02-27 17:30:19', '2013-02-27 17:30:33'),
(1817, '2013-02-27 17:30:34', '2013-02-27 17:31:03'),
(1818, '2013-02-27 17:31:28', '2013-02-27 17:31:58'),
(1819, '2013-02-27 17:32:02', '2013-02-27 17:32:10'),
(1820, '2013-02-27 17:32:12', '2013-02-27 17:32:20'),
(1821, '2013-02-27 17:32:24', '2013-02-27 17:33:22'),
(1822, '2013-02-27 17:33:26', '2013-02-27 17:33:34'),
(1823, '2013-02-27 17:33:40', '2013-02-27 17:33:48'),
(1824, '2013-02-27 17:33:52', '2013-02-27 17:34:00'),
(1825, '2013-02-27 17:34:01', '2013-02-27 17:34:09'),
(1826, '2013-02-27 17:34:10', '2013-02-27 17:34:34'),
(1827, '2013-02-27 17:34:51', '2013-02-27 17:35:39'),
(1828, '2013-02-27 17:35:40', '2013-02-27 17:35:49'),
(1829, '2013-02-27 17:36:17', '2013-02-27 17:36:50'),
(1830, '2013-02-27 17:36:52', '2013-02-27 17:37:10'),
(1831, '2013-02-27 17:37:16', '2013-02-27 17:37:44'),
(1832, '2013-02-27 17:37:54', '2013-02-27 17:38:04'),
(1833, '2013-02-27 17:38:12', '2013-02-27 17:38:20'),
(1834, '2013-02-27 17:38:21', '2013-02-27 17:38:40'),
(1835, '2013-02-27 17:38:52', '2013-02-27 17:39:00'),
(1836, '2013-02-27 17:39:31', '2013-02-27 17:39:39'),
(1837, '2013-02-27 17:40:03', '2013-02-27 17:40:14'),
(1838, '2013-02-27 17:40:32', '2013-02-27 17:40:40'),
(1839, '2013-02-27 17:41:00', '2013-02-27 17:41:10'),
(1840, '2013-02-27 17:41:19', '2013-02-27 17:41:36'),
(1841, '2013-02-27 17:41:39', '2013-02-27 17:42:10'),
(1842, '2013-02-27 17:42:18', '2013-02-27 17:42:26'),
(1843, '2013-02-27 17:42:29', '2013-02-27 17:42:50'),
(1844, '2013-02-27 17:43:00', '2013-02-27 17:43:09'),
(1845, '2013-02-27 17:43:15', '2013-02-27 17:43:29'),
(1846, '2013-02-27 17:43:51', '2013-02-27 17:43:59'),
(1847, '2013-02-27 17:44:23', '2013-02-27 17:44:33'),
(1848, '2013-02-27 17:44:35', '2013-02-27 17:44:43'),
(1849, '2013-02-27 17:45:02', '2013-02-27 17:45:12'),
(1850, '2013-02-27 17:45:37', '2013-02-27 17:45:45'),
(1851, '2013-02-27 17:46:05', '2013-02-27 17:46:15'),
(1852, '2013-02-27 17:47:01', '2013-02-27 17:47:25'),
(1853, '2013-02-27 17:47:28', '2013-02-27 17:47:54'),
(1854, '2013-02-27 17:47:55', '2013-02-27 17:48:26'),
(1855, '2013-02-27 17:48:31', '2013-02-27 17:48:39'),
(1856, '2013-02-27 17:48:47', '2013-02-27 17:49:37'),
(1857, '2013-02-27 17:49:59', '2013-02-27 17:50:24'),
(1858, '2013-02-27 17:50:34', '2013-02-27 17:50:52'),
(1859, '2013-02-27 17:51:00', '2013-02-27 17:51:09'),
(1860, '2013-02-27 17:51:15', '2013-02-27 17:51:23'),
(1861, '2013-02-27 17:51:28', '2013-02-27 17:51:37'),
(1862, '2013-02-27 17:51:44', '2013-02-27 17:52:12'),
(1863, '2013-02-27 17:52:16', '2013-02-27 17:52:32'),
(1864, '2013-02-27 17:52:40', '2013-02-27 17:52:57'),
(1865, '2013-02-27 17:53:06', '2013-02-27 17:53:18'),
(1866, '2013-02-27 17:53:19', '2013-02-27 17:53:48'),
(1867, '2013-02-27 17:54:14', '2013-02-27 17:54:30'),
(1868, '2013-02-27 17:54:59', '2013-02-27 17:55:16'),
(1869, '2013-02-27 17:55:19', '2013-02-27 17:56:04'),
(1870, '2013-02-27 17:56:11', '2013-02-27 17:56:42'),
(1871, '2013-02-27 17:56:45', '2013-02-27 17:56:53'),
(1872, '2013-02-27 17:57:18', '2013-02-27 17:57:37'),
(1873, '2013-02-27 17:57:37', '2013-02-27 17:57:54'),
(1874, '2013-02-27 17:58:03', '2013-02-27 17:58:25'),
(1875, '2013-02-27 17:58:38', '2013-02-27 17:58:51'),
(1876, '2013-02-27 17:58:51', '2013-02-27 17:59:12'),
(1877, '2013-02-27 17:59:22', '2013-02-27 17:59:31'),
(1878, '2013-02-27 17:59:32', '2013-02-27 17:59:43'),
(1879, '2013-02-27 17:59:46', '2013-02-27 17:59:55'),
(1880, '2013-02-27 17:59:57', '2013-02-27 18:00:23'),
(1881, '2013-02-27 18:00:32', '2013-02-27 18:00:42'),
(1882, '2013-02-27 18:00:49', '2013-02-27 18:01:08'),
(1883, '2013-02-27 18:01:25', '2013-02-27 18:01:33'),
(1884, '2013-02-27 18:02:04', '2013-02-27 18:02:22'),
(1885, '2013-02-27 18:02:29', '2013-02-27 18:02:38'),
(1886, '2013-02-27 18:02:51', '2013-02-27 18:03:01'),
(1887, '2013-02-27 18:03:12', '2013-02-27 18:03:22'),
(1888, '2013-02-27 18:04:45', '2013-02-27 18:04:54'),
(1889, '2013-02-27 18:05:26', '2013-02-27 18:05:34'),
(1890, '2013-02-27 18:05:45', '2013-02-27 18:06:12'),
(1891, '2013-02-27 18:06:19', '2013-02-27 18:06:38'),
(1892, '2013-02-27 18:06:40', '2013-02-27 18:06:52'),
(1893, '2013-02-27 18:07:00', '2013-02-27 18:07:11'),
(1894, '2013-02-27 18:07:26', '2013-02-27 18:07:44'),
(1895, '2013-02-27 18:07:47', '2013-02-27 18:10:25'),
(1896, '2013-02-27 18:10:27', '2013-02-27 18:11:04'),
(1897, '2013-02-27 18:11:15', '2013-02-27 18:11:27'),
(1898, '2013-02-27 18:11:35', '2013-02-27 18:12:26'),
(1899, '2013-02-27 18:12:26', '2013-02-27 18:12:41'),
(1900, '2013-02-27 18:12:41', '2013-02-27 18:12:49'),
(1901, '2013-02-27 18:12:57', '2013-02-27 18:13:17'),
(1902, '2013-02-27 18:13:19', '2013-02-27 18:13:42'),
(1903, '2013-02-27 18:14:07', '2013-02-27 18:14:22'),
(1904, '2013-02-27 18:14:28', '2013-02-27 18:14:43'),
(1905, '2013-02-27 18:14:52', '2013-02-27 18:15:01'),
(1906, '2013-02-27 18:16:26', '2013-02-27 18:16:34'),
(1907, '2013-02-27 18:17:27', '2013-02-27 18:17:38'),
(1908, '2013-02-27 18:18:28', '2013-02-27 18:19:46'),
(1909, '2013-02-27 18:20:11', '2013-02-27 18:20:52'),
(1910, '2013-02-27 18:23:00', '2013-02-27 18:23:22'),
(1911, '2013-02-27 18:23:33', '2013-02-27 18:23:41'),
(1912, '2013-02-27 18:23:47', '2013-02-27 18:24:03'),
(1913, '2013-02-27 18:24:05', '2013-02-27 18:24:13'),
(1914, '2013-02-27 18:24:30', '2013-02-27 18:25:13'),
(1915, '2013-02-27 18:25:20', '2013-02-27 18:25:29'),
(1916, '2013-02-27 18:25:29', '2013-02-27 18:25:37'),
(1917, '2013-02-27 18:53:15', '2013-02-27 18:53:23'),
(1918, '2013-02-27 18:58:22', '2013-02-27 18:59:10'),
(1919, '2013-02-27 18:59:42', '2013-02-27 18:59:57'),
(1920, '2013-02-27 18:59:58', '2013-02-27 19:00:12'),
(1921, '2013-02-27 19:00:17', '2013-02-27 19:00:25'),
(1922, '2013-02-27 19:00:27', '2013-02-27 19:00:43'),
(1923, '2013-02-27 19:01:34', '2013-02-27 19:02:07'),
(1924, '2013-02-27 19:02:07', '2013-02-27 19:02:20'),
(1925, '2013-02-27 19:02:22', '2013-02-27 19:02:31'),
(1926, '2013-02-27 19:05:50', '2013-02-27 19:05:58'),
(1927, '2013-02-27 19:06:27', '2013-02-27 19:06:45'),
(1928, '2013-02-27 19:06:55', '2013-02-27 19:07:20'),
(1929, '2013-02-27 19:07:24', '2013-02-27 19:07:37'),
(1930, '2013-02-27 19:08:50', '2013-02-27 19:09:34'),
(1931, '2013-02-27 19:09:36', '2013-02-27 19:09:53'),
(1932, '2013-02-27 19:11:25', '2013-02-27 19:11:33'),
(1933, '2013-02-27 19:12:31', '2013-02-27 19:12:39'),
(1934, '2013-02-27 19:12:44', '2013-02-27 19:13:06'),
(1935, '2013-02-27 19:19:06', '2013-02-27 19:19:30'),
(1936, '2013-02-27 19:19:37', '2013-02-27 19:19:45'),
(1937, '2013-02-27 19:20:01', '2013-02-27 19:20:14'),
(1938, '2013-02-27 19:20:21', '2013-02-27 19:20:31'),
(1939, '2013-02-27 19:20:33', '2013-02-27 19:20:42'),
(1940, '2013-02-27 19:20:51', '2013-02-27 19:20:59'),
(1941, '2013-02-27 19:21:21', '2013-02-27 19:21:32'),
(1942, '2013-02-27 19:21:57', '2013-02-27 19:22:14'),
(1943, '2013-02-27 19:22:27', '2013-02-27 19:22:41'),
(1944, '2013-02-27 19:22:48', '2013-02-27 19:23:04'),
(1945, '2013-02-27 19:23:06', '2013-02-27 19:23:16'),
(1946, '2013-02-27 19:23:20', '2013-02-27 19:23:48'),
(1947, '2013-02-27 19:24:02', '2013-02-27 19:24:15'),
(1948, '2013-02-27 19:24:45', '2013-02-27 19:25:00'),
(1949, '2013-02-27 19:25:00', '2013-02-27 19:25:26'),
(1950, '2013-02-27 19:25:27', '2013-02-27 19:25:42'),
(1951, '2013-02-27 19:25:45', '2013-02-27 19:25:58'),
(1952, '2013-02-27 19:26:09', '2013-02-27 19:26:46'),
(1953, '2013-02-27 19:26:46', '2013-02-27 19:26:59'),
(1954, '2013-02-27 19:27:00', '2013-02-27 19:27:08'),
(1955, '2013-02-27 19:27:30', '2013-02-27 19:28:08'),
(1956, '2013-02-27 19:28:12', '2013-02-27 19:28:29'),
(1957, '2013-02-27 19:28:48', '2013-02-27 19:30:53'),
(1958, '2013-02-27 19:31:09', '2013-02-27 19:33:08'),
(1959, '2013-02-27 19:33:08', '2013-02-27 19:33:30'),
(1960, '2013-02-27 19:33:30', '2013-02-27 19:33:49'),
(1961, '2013-02-27 19:33:51', '2013-02-27 19:33:59'),
(1962, '2013-02-27 19:34:12', '2013-02-27 19:35:04'),
(1963, '2013-02-27 19:35:29', '2013-02-27 19:35:42'),
(1964, '2013-02-27 19:37:05', '2013-02-27 19:37:17'),
(1965, '2013-02-27 19:37:29', '2013-02-27 19:37:42'),
(1966, '2013-02-27 19:38:06', '2013-02-27 19:38:23'),
(1967, '2013-02-27 19:38:23', '2013-02-27 19:38:41'),
(1968, '2013-02-27 19:38:43', '2013-02-27 19:38:53'),
(1969, '2013-02-27 19:38:54', '2013-02-27 19:39:10'),
(1970, '2013-02-27 19:39:42', '2013-02-27 19:39:50'),
(1971, '2013-02-27 19:40:07', '2013-02-27 19:40:16'),
(1972, '2013-02-27 19:40:25', '2013-02-27 19:40:34'),
(1973, '2013-02-27 19:41:23', '2013-02-27 19:41:31'),
(1974, '2013-02-27 19:41:33', '2013-02-27 19:41:44'),
(1975, '2013-02-27 19:41:46', '2013-02-27 19:42:01'),
(1976, '2013-02-27 19:42:06', '2013-02-27 19:42:56'),
(1977, '2013-02-27 19:42:59', '2013-02-27 19:43:25'),
(1978, '2013-02-27 19:43:33', '2013-02-27 19:45:05'),
(1979, '2013-02-27 19:45:07', '2013-02-27 19:46:09'),
(1980, '2013-02-27 19:46:17', '2013-02-27 19:46:24'),
(1981, '2013-02-27 19:46:27', '2013-02-27 19:47:18'),
(1982, '2013-02-27 19:47:19', '2013-02-27 19:47:31'),
(1983, '2013-02-27 19:47:33', '2013-02-27 19:47:48'),
(1984, '2013-02-27 19:47:57', '2013-02-27 19:48:06'),
(1985, '2013-02-27 19:48:11', '2013-02-27 19:48:21'),
(1986, '2013-02-27 19:48:37', '2013-02-27 19:49:52'),
(1987, '2013-02-27 19:50:16', '2013-02-27 19:50:25'),
(1988, '2013-02-27 19:50:42', '2013-02-27 19:50:50'),
(1989, '2013-02-27 19:50:59', '2013-02-27 19:51:32'),
(1990, '2013-02-27 19:51:37', '2013-02-27 19:51:45'),
(1991, '2013-02-27 19:51:56', '2013-02-27 19:52:05'),
(1992, '2013-02-27 19:52:21', '2013-02-27 19:52:30'),
(1993, '2013-02-27 19:52:33', '2013-02-27 19:52:41'),
(1994, '2013-02-27 19:52:52', '2013-02-27 19:53:01'),
(1995, '2013-02-27 19:53:56', '2013-02-27 19:54:13'),
(1996, '2013-02-27 19:54:29', '2013-02-27 19:54:44'),
(1997, '2013-02-27 19:54:47', '2013-02-27 19:56:48'),
(1998, '2013-02-27 19:56:50', '2013-02-27 19:57:13'),
(1999, '2013-02-27 19:57:14', '2013-02-27 19:57:22'),
(2000, '2013-02-27 19:57:23', '2013-02-27 19:59:39'),
(2001, '2013-02-27 20:00:23', '2013-02-27 20:00:55'),
(2002, '2013-02-27 20:01:13', '2013-02-27 20:01:27'),
(2003, '2013-02-27 20:01:33', '2013-02-27 20:01:41'),
(2004, '2013-02-27 20:01:51', '2013-02-27 20:01:59'),
(2005, '2013-02-27 20:02:07', '2013-02-27 20:05:00'),
(2006, '2013-02-27 20:05:03', '2013-02-27 20:05:44'),
(2007, '2013-02-27 20:05:49', '2013-02-27 20:07:33'),
(2008, '2013-02-27 20:07:38', '2013-02-27 20:07:53'),
(2009, '2013-02-27 20:07:53', '2013-02-27 20:08:15'),
(2010, '2013-02-27 20:08:17', '2013-02-27 20:08:39'),
(2011, '2013-02-27 20:08:42', '2013-02-27 20:09:05'),
(2012, '2013-02-27 20:09:05', '2013-02-27 20:09:37'),
(2013, '2013-02-27 20:09:40', '2013-02-27 20:10:03'),
(2014, '2013-02-27 20:10:07', '2013-02-27 20:10:36'),
(2015, '2013-02-27 20:10:36', '2013-02-27 20:11:09'),
(2016, '2013-02-27 20:11:10', '2013-02-27 20:12:15'),
(2017, '2013-02-27 20:12:15', '2013-02-27 20:13:54'),
(2018, '2013-02-27 20:14:00', '2013-02-27 20:14:30'),
(2019, '2013-02-27 20:14:36', '2013-02-27 20:14:47'),
(2020, '2013-02-27 20:14:54', '2013-02-27 20:15:09'),
(2021, '2013-02-27 20:15:14', '2013-02-27 20:15:25'),
(2022, '2013-02-27 20:16:03', '2013-02-27 20:17:05'),
(2023, '2013-02-27 20:17:06', '2013-02-27 20:19:17'),
(2024, '2013-02-27 20:19:18', '2013-02-27 20:19:32'),
(2025, '2013-02-27 20:19:34', '2013-02-27 20:20:20'),
(2026, '2013-02-27 20:20:22', '2013-02-27 20:20:39'),
(2027, '2013-02-27 20:20:40', '2013-02-27 20:21:02'),
(2028, '2013-02-27 20:21:03', '2013-02-27 20:22:47'),
(2029, '2013-02-27 20:22:53', '2013-02-27 20:23:01'),
(2030, '2013-02-27 20:23:11', '2013-02-27 20:24:05'),
(2031, '2013-02-27 20:24:07', '2013-02-27 20:25:13'),
(2032, '2013-02-27 20:25:16', '2013-02-27 20:25:31'),
(2033, '2013-02-27 20:25:37', '2013-02-27 20:25:45'),
(2034, '2013-02-27 20:25:46', '2013-02-27 20:26:08'),
(2035, '2013-02-27 20:26:17', '2013-02-27 20:26:41'),
(2036, '2013-02-27 20:26:42', '2013-02-27 20:26:55'),
(2037, '2013-02-27 20:26:56', '2013-02-27 20:28:22'),
(2038, '2013-02-27 20:28:22', '2013-02-27 20:28:44'),
(2039, '2013-02-27 20:28:56', '2013-02-27 20:29:06'),
(2040, '2013-02-27 20:29:10', '2013-02-27 20:30:10'),
(2041, '2013-02-27 20:30:12', '2013-02-27 20:30:27'),
(2042, '2013-02-27 20:30:29', '2013-02-27 20:30:40'),
(2043, '2013-02-27 20:30:56', '2013-02-27 20:31:42'),
(2044, '2013-02-27 20:31:48', '2013-02-27 20:31:56'),
(2045, '2013-02-27 20:31:58', '2013-02-27 20:32:07'),
(2046, '2013-02-27 20:32:08', '2013-02-27 20:32:36'),
(2047, '2013-02-27 20:32:38', '2013-02-27 20:32:53'),
(2048, '2013-02-27 20:32:56', '2013-02-27 20:33:11'),
(2049, '2013-02-27 20:33:21', '2013-02-27 20:33:42'),
(2050, '2013-02-27 20:33:44', '2013-02-27 20:33:54'),
(2051, '2013-02-27 20:33:56', '2013-02-27 20:34:24'),
(2052, '2013-02-27 20:34:35', '2013-02-27 20:34:44'),
(2053, '2013-02-27 20:34:55', '2013-02-27 20:35:07'),
(2054, '2013-02-27 20:35:07', '2013-02-27 20:35:15'),
(2055, '2013-02-27 20:35:19', '2013-02-27 20:36:53'),
(2056, '2013-02-27 20:36:55', '2013-02-27 20:37:52'),
(2057, '2013-02-27 20:38:04', '2013-02-27 20:38:12'),
(2058, '2013-02-27 20:38:17', '2013-02-27 20:38:34'),
(2059, '2013-02-27 20:38:37', '2013-02-27 20:39:07'),
(2060, '2013-02-27 20:39:11', '2013-02-27 20:39:31'),
(2061, '2013-02-27 20:39:32', '2013-02-27 20:39:44'),
(2062, '2013-02-27 20:40:11', '2013-02-27 20:40:21'),
(2063, '2013-02-27 20:41:01', '2013-02-27 20:41:09'),
(2064, '2013-02-27 20:41:34', '2013-02-27 20:41:58'),
(2065, '2013-02-27 20:42:08', '2013-02-27 20:42:16'),
(2066, '2013-02-27 20:42:23', '2013-02-27 20:42:31'),
(2067, '2013-02-27 20:42:36', '2013-02-27 20:42:47'),
(2068, '2013-02-27 20:43:03', '2013-02-27 20:43:57'),
(2069, '2013-02-27 20:43:59', '2013-02-27 20:44:11'),
(2070, '2013-02-27 20:44:13', '2013-02-27 20:44:28'),
(2071, '2013-02-27 20:44:32', '2013-02-27 20:44:46'),
(2072, '2013-02-27 20:44:48', '2013-02-27 20:44:55'),
(2073, '2013-02-27 20:45:08', '2013-02-27 20:45:35'),
(2074, '2013-02-27 20:45:41', '2013-02-27 20:45:49'),
(2075, '2013-02-27 20:45:51', '2013-02-27 20:45:58'),
(2076, '2013-02-27 20:46:01', '2013-02-27 20:46:46'),
(2077, '2013-02-27 20:47:02', '2013-02-27 20:47:22'),
(2078, '2013-02-27 20:47:25', '2013-02-27 20:47:53'),
(2079, '2013-02-27 20:48:24', '2013-02-27 20:48:39'),
(2080, '2013-02-27 20:48:49', '2013-02-27 20:49:11'),
(2081, '2013-02-27 20:49:19', '2013-02-27 20:50:20'),
(2082, '2013-02-27 20:50:22', '2013-02-27 20:50:43'),
(2083, '2013-02-27 20:50:46', '2013-02-27 20:50:56'),
(2084, '2013-02-27 20:50:57', '2013-02-27 20:51:11'),
(2085, '2013-02-27 20:51:17', '2013-02-27 20:52:01'),
(2086, '2013-02-27 20:52:15', '2013-02-27 20:52:26'),
(2087, '2013-02-27 20:52:26', '2013-02-27 20:52:37'),
(2088, '2013-02-27 20:52:39', '2013-02-27 20:52:48'),
(2089, '2013-02-27 20:52:55', '2013-02-27 20:53:13'),
(2090, '2013-02-27 20:53:36', '2013-02-27 20:53:57'),
(2091, '2013-02-27 20:53:57', '2013-02-27 20:54:22'),
(2092, '2013-02-27 20:54:23', '2013-02-27 20:54:31'),
(2093, '2013-02-27 20:54:35', '2013-02-27 20:54:43'),
(2094, '2013-02-27 20:54:54', '2013-02-27 20:55:07'),
(2095, '2013-02-27 20:55:19', '2013-02-27 20:56:26'),
(2096, '2013-02-27 20:56:28', '2013-02-27 20:56:36'),
(2097, '2013-02-27 20:56:44', '2013-02-27 20:56:54'),
(2098, '2013-02-27 20:57:02', '2013-02-27 20:57:11'),
(2099, '2013-02-27 20:57:19', '2013-02-27 20:57:59'),
(2100, '2013-02-27 20:58:02', '2013-02-27 20:58:13'),
(2101, '2013-02-27 20:58:15', '2013-02-27 20:58:23'),
(2102, '2013-02-27 20:58:25', '2013-02-27 20:58:34'),
(2103, '2013-02-27 20:58:40', '2013-02-27 20:59:46'),
(2104, '2013-02-27 20:59:50', '2013-02-27 20:59:57'),
(2105, '2013-02-27 20:59:59', '2013-02-27 21:00:22'),
(2106, '2013-02-27 21:00:27', '2013-02-27 21:00:50'),
(2107, '2013-02-27 21:00:55', '2013-02-27 21:01:11'),
(2108, '2013-02-27 21:01:13', '2013-02-27 21:01:21'),
(2109, '2013-02-27 21:01:32', '2013-02-27 21:01:48'),
(2110, '2013-02-27 21:01:50', '2013-02-27 21:02:19'),
(2111, '2013-02-27 21:02:19', '2013-02-27 21:02:55'),
(2112, '2013-02-27 21:03:00', '2013-02-27 21:03:46'),
(2113, '2013-02-27 21:03:50', '2013-02-27 21:04:03'),
(2114, '2013-02-27 21:04:07', '2013-02-27 21:05:02'),
(2115, '2013-02-27 21:05:08', '2013-02-27 21:05:29'),
(2116, '2013-02-27 21:05:33', '2013-02-27 21:06:20'),
(2117, '2013-02-27 21:06:21', '2013-02-27 21:06:29'),
(2118, '2013-02-27 21:06:35', '2013-02-27 21:06:51'),
(2119, '2013-02-27 21:07:36', '2013-02-27 21:07:47'),
(2120, '2013-02-27 21:07:49', '2013-02-27 21:08:00'),
(2121, '2013-02-27 21:08:01', '2013-02-27 21:08:47'),
(2122, '2013-02-27 21:08:48', '2013-02-27 21:08:56'),
(2123, '2013-02-27 21:08:58', '2013-02-27 21:11:33'),
(2124, '2013-02-27 21:11:36', '2013-02-27 21:15:33'),
(2125, '2013-02-27 21:16:03', '2013-02-27 21:16:25'),
(2126, '2013-02-27 21:16:31', '2013-02-27 21:16:39'),
(2127, '2013-02-27 21:16:44', '2013-02-27 21:16:52'),
(2128, '2013-02-27 21:16:59', '2013-02-27 21:17:39'),
(2129, '2013-02-27 21:17:41', '2013-02-27 21:17:57'),
(2130, '2013-02-27 21:18:05', '2013-02-27 21:18:31'),
(2131, '2013-02-27 21:18:32', '2013-02-27 21:18:46'),
(2132, '2013-02-27 21:18:57', '2013-02-27 21:19:22'),
(2133, '2013-02-27 21:19:24', '2013-02-27 21:19:32'),
(2134, '2013-02-27 21:19:35', '2013-02-27 21:20:44'),
(2135, '2013-02-27 21:20:47', '2013-02-27 21:21:13'),
(2136, '2013-02-27 21:21:17', '2013-02-27 21:21:32'),
(2137, '2013-02-27 21:21:34', '2013-02-27 21:21:57');

-- --------------------------------------------------------

--
-- Table structure for table `attendance_records`
--

CREATE TABLE IF NOT EXISTS `attendance_records` (
  `student_id` int(10) NOT NULL,
  `practical_id` int(11) NOT NULL,
  `capture_timestamp` timestamp NOT NULL DEFAULT CURRENT_TIMESTAMP,
  PRIMARY KEY (`student_id`,`practical_id`,`capture_timestamp`),
  KEY `practical_id` (`practical_id`)
) ENGINE=InnoDB DEFAULT CHARSET=latin1;

--
-- Dumping data for table `attendance_records`
--

INSERT INTO `attendance_records` (`student_id`, `practical_id`, `capture_timestamp`) VALUES
(2, 12, '2013-04-10 07:22:56'),
(2, 12, '2013-04-10 07:23:56'),
(2, 12, '2013-04-10 07:24:56'),
(2, 12, '2013-04-10 07:25:56'),
(2, 12, '2013-04-10 07:31:56'),
(2, 12, '2013-04-10 07:37:56'),
(2, 12, '2013-04-10 07:38:56'),
(2, 12, '2013-04-10 07:39:56'),
(2, 12, '2013-04-10 07:40:56'),
(2, 12, '2013-04-10 07:41:56'),
(2, 12, '2013-04-10 07:42:56'),
(2, 12, '2013-04-10 07:43:56'),
(2, 12, '2013-04-10 07:44:56'),
(2, 12, '2013-04-10 07:45:56'),
(2, 12, '2013-04-10 07:46:56'),
(2, 12, '2013-04-10 07:47:57'),
(2, 12, '2013-04-10 07:48:57'),
(2, 12, '2013-04-10 07:49:57'),
(2, 12, '2013-04-10 07:50:57'),
(2, 12, '2013-04-10 07:51:57');

-- --------------------------------------------------------

--
-- Table structure for table `faculty`
--

CREATE TABLE IF NOT EXISTS `faculty` (
  `id` int(11) NOT NULL,
  `name` varchar(50) NOT NULL,
  `username` varchar(25) NOT NULL,
  `password` varchar(25) NOT NULL,
  PRIMARY KEY (`id`)
) ENGINE=InnoDB DEFAULT CHARSET=latin1;

--
-- Dumping data for table `faculty`
--

INSERT INTO `faculty` (`id`, `name`, `username`, `password`) VALUES
(1, 'Allan Pinto', 'allan', 'allan'),
(2, 'Uma Sahu', 'uma', 'uma'),
(3, 'Steffi Monteiro', 'steffi', 'steffi'),
(4, 'Nilakshi Joshi', 'nilakshi', 'nilakshi');

-- --------------------------------------------------------

--
-- Table structure for table `laboratory`
--

CREATE TABLE IF NOT EXISTS `laboratory` (
  `lab_id` int(11) NOT NULL,
  `lab_name` varchar(15) NOT NULL,
  `lab_location` varchar(20) NOT NULL,
  PRIMARY KEY (`lab_id`)
) ENGINE=InnoDB DEFAULT CHARSET=latin1;

--
-- Dumping data for table `laboratory`
--

INSERT INTO `laboratory` (`lab_id`, `lab_name`, `lab_location`) VALUES
(1, 'Comp Lab 4', 'Second Floor'),
(2, 'Hardware Lab', 'Second Floor'),
(3, 'Multimedia Lab', 'Second Floor'),
(4, 'Comp Lab 3', 'Second Floor'),
(5, 'Project Lab', 'Second Floor');

-- --------------------------------------------------------

--
-- Table structure for table `practical_sessions`
--

CREATE TABLE IF NOT EXISTS `practical_sessions` (
  `id` int(11) NOT NULL AUTO_INCREMENT,
  `subject` varchar(10) NOT NULL,
  `class` varchar(10) NOT NULL,
  `batch_no` int(11) NOT NULL DEFAULT '0',
  `day` int(11) NOT NULL,
  `lab_id` int(11) NOT NULL,
  `faculty_incharge` varchar(50) NOT NULL,
  `start_time` time NOT NULL,
  `end_time` time NOT NULL,
  PRIMARY KEY (`id`),
  KEY `lab_id` (`lab_id`)
) ENGINE=InnoDB  DEFAULT CHARSET=latin1 AUTO_INCREMENT=13 ;

--
-- Dumping data for table `practical_sessions`
--

INSERT INTO `practical_sessions` (`id`, `subject`, `class`, `batch_no`, `day`, `lab_id`, `faculty_incharge`, `start_time`, `end_time`) VALUES
(1, 'HCI', 'BE-Comps', 1, 4, 1, 'Allan Pinto', '15:00:00', '17:00:00'),
(2, 'HCI', 'BE-Comps', 2, 1, 1, 'Allan Pinto', '09:00:00', '11:00:00'),
(3, 'MSD', 'BE-Comps', 1, 2, 3, 'Steffi Monteiro', '14:00:00', '16:00:00'),
(4, 'MSD', 'BE-Comps', 2, 5, 3, 'Steffi Monteiro', '15:00:00', '17:00:00'),
(5, 'MSD', 'BE-Comps', 3, 4, 3, 'Steffi Monteiro', '11:15:00', '13:15:00'),
(6, 'DC', 'BE-Comps', 1, 4, 2, 'Nilakshi Joshi', '11:15:00', '13:15:00'),
(7, 'DC', 'BE-Comps', 2, 2, 2, 'Nilakshi Joshi', '14:00:00', '16:00:00'),
(8, 'DC', 'BE-Comps', 3, 5, 2, 'Nilakshi Joshi', '15:00:00', '17:00:00'),
(9, 'SA', 'BE-Comps', 1, 5, 1, 'Uma Sahu', '15:00:00', '17:00:00'),
(10, 'SA', 'BE-Comps', 2, 4, 1, 'Uma Sahu', '11:15:00', '13:15:00'),
(11, 'SA', 'BE-Comps', 3, 2, 1, 'Uma Sahu', '14:00:00', '16:00:00'),
(12, 'Project', 'BE-Comps', 0, 3, 5, 'Nilakshi Joshi', '09:00:00', '17:00:00');

-- --------------------------------------------------------

--
-- Table structure for table `students`
--

CREATE TABLE IF NOT EXISTS `students` (
  `id` int(11) NOT NULL AUTO_INCREMENT,
  `name` varchar(50) NOT NULL,
  `department` varchar(25) NOT NULL,
  `class` varchar(5) NOT NULL,
  `roll_no` int(11) NOT NULL,
  `bluetooth_mac` varchar(21) NOT NULL,
  `username` varchar(25) NOT NULL,
  PRIMARY KEY (`id`)
) ENGINE=InnoDB  DEFAULT CHARSET=latin1 AUTO_INCREMENT=4 ;

--
-- Dumping data for table `students`
--

INSERT INTO `students` (`id`, `name`, `department`, `class`, `roll_no`, `bluetooth_mac`, `username`) VALUES
(1, 'Sagar Raut', 'comps', 'BE', 60, 'F0:08:F1:3A:43:BD', 'sagar'),
(2, 'Alwin Crasto', 'Comps', 'BE', 11, 'BC:85:1F:5A:44:5C', 'alwin'),
(3, 'Sujeetkumar Sinha', 'Comps', 'BE', 67, '0C:DD:EF:17:7A:4D', 'sujeet');

-- --------------------------------------------------------

--
-- Table structure for table `subject`
--

CREATE TABLE IF NOT EXISTS `subject` (
  `id` int(11) NOT NULL,
  `subject` varchar(15) NOT NULL,
  PRIMARY KEY (`id`)
) ENGINE=InnoDB DEFAULT CHARSET=latin1;

--
-- Dumping data for table `subject`
--

INSERT INTO `subject` (`id`, `subject`) VALUES
(1, 'SA'),
(2, 'MSD'),
(3, 'HCI'),
(4, 'DC');

--
-- Constraints for dumped tables
--

--
-- Constraints for table `practical_sessions`
--
ALTER TABLE `practical_sessions`
  ADD CONSTRAINT `practical_sessions_ibfk_1` FOREIGN KEY (`lab_id`) REFERENCES `laboratory` (`lab_id`);

/*!40101 SET CHARACTER_SET_CLIENT=@OLD_CHARACTER_SET_CLIENT */;
/*!40101 SET CHARACTER_SET_RESULTS=@OLD_CHARACTER_SET_RESULTS */;
/*!40101 SET COLLATION_CONNECTION=@OLD_COLLATION_CONNECTION */;
