-- phpMyAdmin SQL Dump
-- version 3.5.2.2
-- http://www.phpmyadmin.net
--
-- Host: localhost
-- Generation Time: Apr 10, 2013 at 09:53 AM
-- Server version: 5.5.27
-- PHP Version: 5.4.7

SET SQL_MODE="NO_AUTO_VALUE_ON_ZERO";
SET time_zone = "+00:00";


/*!40101 SET @OLD_CHARACTER_SET_CLIENT=@@CHARACTER_SET_CLIENT */;
/*!40101 SET @OLD_CHARACTER_SET_RESULTS=@@CHARACTER_SET_RESULTS */;
/*!40101 SET @OLD_COLLATION_CONNECTION=@@COLLATION_CONNECTION */;
/*!40101 SET NAMES utf8 */;

--
-- Database: `ubicomp`
--

-- --------------------------------------------------------

--
-- Table structure for table `arduino_readings`
--

CREATE TABLE IF NOT EXISTS `arduino_readings` (
  `id` int(11) NOT NULL AUTO_INCREMENT,
  `start_time` timestamp NOT NULL DEFAULT CURRENT_TIMESTAMP ON UPDATE CURRENT_TIMESTAMP,
  `end_time` timestamp NOT NULL DEFAULT '0000-00-00 00:00:00',
  PRIMARY KEY (`id`)
) ENGINE=InnoDB  DEFAULT CHARSET=latin1 AUTO_INCREMENT=2138 ;

--
-- Dumping data for table `arduino_readings`
--

INSERT INTO `arduino_readings` (`id`, `start_time`, `end_time`) VALUES
(1602, '2013-02-27 04:58:29', '2013-02-27 04:59:46'),
(1603, '2013-02-27 04:59:50', '2013-02-27 04:59:57'),
(1604, '2013-02-27 05:00:01', '2013-02-27 05:00:47'),
(1605, '2013-02-27 05:00:53', '2013-02-27 05:01:23'),
(1606, '2013-02-27 05:01:27', '2013-02-27 05:01:44'),
(1607, '2013-02-27 05:01:46', '2013-02-27 05:01:53'),
(1608, '2013-02-27 05:02:03', '2013-02-27 05:03:07'),
(1609, '2013-02-27 05:03:22', '2013-02-27 05:03:42'),
(1610, '2013-02-27 05:04:25', '2013-02-27 05:05:14'),
(1611, '2013-02-27 05:05:18', '2013-02-27 05:05:41'),
(1612, '2013-02-27 05:05:42', '2013-02-27 05:05:52'),
(1613, '2013-02-27 05:05:52', '2013-02-27 05:07:25'),
(1614, '2013-02-27 05:07:28', '2013-02-27 05:07:44'),
(1615, '2013-02-27 05:07:44', '2013-02-27 05:08:07'),
(1616, '2013-02-27 05:08:15', '2013-02-27 05:08:53'),
(1617, '2013-02-27 05:09:11', '2013-02-27 05:09:21'),
(1618, '2013-02-27 05:09:31', '2013-02-27 05:09:41'),
(1619, '2013-02-27 05:09:43', '2013-02-27 05:09:53'),
(1620, '2013-02-27 05:10:03', '2013-02-27 05:10:13'),
(1621, '2013-02-27 05:10:54', '2013-02-27 05:11:05'),
(1622, '2013-02-27 05:11:05', '2013-02-27 05:11:21'),
(1623, '2013-02-27 05:12:04', '2013-02-27 05:12:42'),
(1624, '2013-02-27 05:12:48', '2013-02-27 05:12:57'),
(1625, '2013-02-27 05:13:03', '2013-02-27 05:13:44'),
(1626, '2013-02-27 05:13:45', '2013-02-27 05:13:59'),
(1627, '2013-02-27 05:14:00', '2013-02-27 05:14:30'),
(1628, '2013-02-27 05:14:41', '2013-02-27 05:14:49'),
(1629, '2013-02-27 05:15:08', '2013-02-27 05:15:17'),
(1630, '2013-02-27 05:15:28', '2013-02-27 05:15:39'),
(1631, '2013-02-27 05:15:39', '2013-02-27 05:15:51'),
(1632, '2013-02-27 05:15:58', '2013-02-27 05:16:53'),
(1633, '2013-02-27 05:16:54', '2013-02-27 05:17:16'),
(1634, '2013-02-27 05:17:19', '2013-02-27 05:17:27'),
(1635, '2013-02-27 05:17:28', '2013-02-27 05:18:02'),
(1636, '2013-02-27 05:18:23', '2013-02-27 05:18:30'),
(1637, '2013-02-27 05:18:30', '2013-02-27 05:19:07'),
(1638, '2013-02-27 05:19:10', '2013-02-27 05:19:19'),
(1639, '2013-02-27 05:19:22', '2013-02-27 05:19:31'),
(1640, '2013-02-27 05:19:33', '2013-02-27 05:19:44'),
(1641, '2013-02-27 05:19:47', '2013-02-27 05:20:23'),
(1642, '2013-02-27 05:20:27', '2013-02-27 05:21:08'),
(1643, '2013-02-27 05:21:19', '2013-02-27 05:21:33'),
(1644, '2013-02-27 05:21:34', '2013-02-27 05:22:32'),
(1645, '2013-02-27 05:22:38', '2013-02-27 05:22:49'),
(1646, '2013-02-27 05:23:00', '2013-02-27 05:23:16'),
(1647, '2013-02-27 05:23:16', '2013-02-27 05:23:28'),
(1648, '2013-02-27 05:23:34', '2013-02-27 05:24:20'),
(1649, '2013-02-27 05:24:27', '2013-02-27 05:24:59'),
(1650, '2013-02-27 05:25:04', '2013-02-27 05:25:26'),
(1651, '2013-02-27 05:25:42', '2013-02-27 05:26:58'),
(1652, '2013-02-27 05:27:23', '2013-02-27 05:27:55'),
(1653, '2013-02-27 05:28:25', '2013-02-27 05:28:33'),
(1654, '2013-02-27 05:28:34', '2013-02-27 05:29:05'),
(1655, '2013-02-27 05:29:06', '2013-02-27 05:29:17'),
(1656, '2013-02-27 05:29:19', '2013-02-27 05:29:27'),
(1657, '2013-02-27 05:29:43', '2013-02-27 05:29:51'),
(1658, '2013-02-27 05:30:08', '2013-02-27 05:30:20'),
(1659, '2013-02-27 05:30:36', '2013-02-27 05:30:44'),
(1660, '2013-02-27 05:30:45', '2013-02-27 05:31:09'),
(1661, '2013-02-27 05:31:13', '2013-02-27 05:31:21'),
(1662, '2013-02-27 05:31:30', '2013-02-27 05:31:51'),
(1663, '2013-02-27 05:31:53', '2013-02-27 05:32:05'),
(1664, '2013-02-27 05:32:12', '2013-02-27 05:32:26'),
(1665, '2013-02-27 05:32:29', '2013-02-27 05:32:58'),
(1666, '2013-02-27 05:32:59', '2013-02-27 05:33:12'),
(1667, '2013-02-27 05:33:31', '2013-02-27 05:33:45'),
(1668, '2013-02-27 05:33:49', '2013-02-27 05:33:58'),
(1669, '2013-02-27 05:34:02', '2013-02-27 05:34:11'),
(1670, '2013-02-27 05:34:29', '2013-02-27 05:34:37'),
(1671, '2013-02-27 05:34:39', '2013-02-27 05:34:49'),
(1672, '2013-02-27 05:34:51', '2013-02-27 05:34:59'),
(1673, '2013-02-27 05:35:00', '2013-02-27 05:35:07'),
(1674, '2013-02-27 05:35:39', '2013-02-27 05:35:50'),
(1675, '2013-02-27 05:37:48', '2013-02-27 05:37:56'),
(1676, '2013-02-27 05:38:03', '2013-02-27 05:38:11'),
(1677, '2013-02-27 05:38:39', '2013-02-27 05:38:58'),
(1678, '2013-02-27 05:40:05', '2013-02-27 05:40:23'),
(1679, '2013-02-27 05:40:51', '2013-02-27 05:40:59'),
(1680, '2013-02-27 05:41:04', '2013-02-27 05:43:00'),
(1681, '2013-02-27 05:43:00', '2013-02-27 05:43:22'),
(1682, '2013-02-27 05:43:30', '2013-02-27 05:44:45'),
(1683, '2013-02-27 05:44:45', '2013-02-27 05:45:33'),
(1684, '2013-02-27 05:45:34', '2013-02-27 05:45:54'),
(1685, '2013-02-27 05:46:17', '2013-02-27 05:46:32'),
(1686, '2013-02-27 05:46:36', '2013-02-27 05:47:16'),
(1687, '2013-02-27 05:47:23', '2013-02-27 05:48:05'),
(1688, '2013-02-27 05:48:06', '2013-02-27 05:48:28'),
(1689, '2013-02-27 05:48:37', '2013-02-27 05:48:45'),
(1690, '2013-02-27 05:48:50', '2013-02-27 05:49:21'),
(1691, '2013-02-27 05:49:30', '2013-02-27 05:49:40'),
(1692, '2013-02-27 05:49:51', '2013-02-27 05:50:11'),
(1693, '2013-02-27 05:50:11', '2013-02-27 05:50:32'),
(1694, '2013-02-27 05:50:37', '2013-02-27 05:50:46'),
(1695, '2013-02-27 05:50:46', '2013-02-27 05:50:54'),
(1696, '2013-02-27 05:50:58', '2013-02-27 05:51:07'),
(1697, '2013-02-27 05:51:41', '2013-02-27 05:52:23'),
(1698, '2013-02-27 05:52:24', '2013-02-27 05:52:37'),
(1699, '2013-02-27 05:52:37', '2013-02-27 05:52:51'),
(1700, '2013-02-27 05:53:21', '2013-02-27 05:53:29'),
(1701, '2013-02-27 05:53:29', '2013-02-27 05:53:53'),
(1702, '2013-02-27 05:54:21', '2013-02-27 05:54:29'),
(1703, '2013-02-27 05:55:01', '2013-02-27 05:55:10'),
(1704, '2013-02-27 05:55:32', '2013-02-27 05:55:43'),
(1705, '2013-02-27 05:55:58', '2013-02-27 05:56:06'),
(1706, '2013-02-27 05:56:10', '2013-02-27 05:56:28'),
(1707, '2013-02-27 05:56:40', '2013-02-27 05:56:50'),
(1708, '2013-02-27 05:57:06', '2013-02-27 05:57:16'),
(1709, '2013-02-27 05:57:17', '2013-02-27 05:57:36'),
(1710, '2013-02-27 05:57:40', '2013-02-27 05:58:26'),
(1711, '2013-02-27 05:58:26', '2013-02-27 05:58:35'),
(1712, '2013-02-27 05:58:49', '2013-02-27 05:58:56'),
(1713, '2013-02-27 05:59:16', '2013-02-27 05:59:30'),
(1714, '2013-02-27 05:59:32', '2013-02-27 06:00:04'),
(1715, '2013-02-27 06:00:18', '2013-02-27 06:00:43'),
(1716, '2013-02-27 06:00:44', '2013-02-27 06:01:06'),
(1717, '2013-02-27 06:01:51', '2013-02-27 06:02:17'),
(1718, '2013-02-27 06:02:18', '2013-02-27 06:03:53'),
(1719, '2013-02-27 06:03:53', '2013-02-27 06:04:04'),
(1720, '2013-02-27 06:04:05', '2013-02-27 06:04:40'),
(1721, '2013-02-27 06:05:02', '2013-02-27 06:05:17'),
(1722, '2013-02-27 06:05:17', '2013-02-27 06:05:36'),
(1723, '2013-02-27 06:05:37', '2013-02-27 06:05:56'),
(1724, '2013-02-27 06:05:58', '2013-02-27 06:06:16'),
(1725, '2013-02-27 06:06:18', '2013-02-27 06:07:06'),
(1726, '2013-02-27 06:07:08', '2013-02-27 06:07:36'),
(1727, '2013-02-27 06:07:40', '2013-02-27 06:07:48'),
(1728, '2013-02-27 06:08:28', '2013-02-27 06:08:36'),
(1729, '2013-02-27 06:08:39', '2013-02-27 06:08:55'),
(1730, '2013-02-27 06:09:14', '2013-02-27 06:09:36'),
(1731, '2013-02-27 06:09:40', '2013-02-27 06:09:48'),
(1732, '2013-02-27 06:09:50', '2013-02-27 06:09:58'),
(1733, '2013-02-27 06:10:11', '2013-02-27 06:13:25'),
(1734, '2013-02-27 06:13:27', '2013-02-27 06:14:26'),
(1735, '2013-02-27 06:14:28', '2013-02-27 06:14:41'),
(1736, '2013-02-27 06:14:54', '2013-02-27 06:15:02'),
(1737, '2013-02-27 06:15:52', '2013-02-27 06:16:02'),
(1738, '2013-02-27 06:16:05', '2013-02-27 06:16:13'),
(1739, '2013-02-27 06:16:16', '2013-02-27 06:16:25'),
(1740, '2013-02-27 06:16:51', '2013-02-27 06:17:15'),
(1741, '2013-02-27 06:17:24', '2013-02-27 06:17:47'),
(1742, '2013-02-27 06:17:51', '2013-02-27 06:18:08'),
(1743, '2013-02-27 06:18:25', '2013-02-27 06:18:48'),
(1744, '2013-02-27 06:19:51', '2013-02-27 06:19:59'),
(1745, '2013-02-27 06:20:10', '2013-02-27 06:20:20'),
(1746, '2013-02-27 06:20:37', '2013-02-27 06:20:48'),
(1747, '2013-02-27 06:20:49', '2013-02-27 06:21:00'),
(1748, '2013-02-27 06:21:04', '2013-02-27 06:21:38'),
(1749, '2013-02-27 06:21:48', '2013-02-27 06:21:56'),
(1750, '2013-02-27 06:21:57', '2013-02-27 06:23:29'),
(1751, '2013-02-27 06:23:29', '2013-02-27 06:23:53'),
(1752, '2013-02-27 06:23:53', '2013-02-27 06:24:17'),
(1753, '2013-02-27 06:24:23', '2013-02-27 06:24:31'),
(1754, '2013-02-27 06:24:33', '2013-02-27 06:24:59'),
(1755, '2013-02-27 06:25:00', '2013-02-27 06:25:14'),
(1756, '2013-02-27 06:25:37', '2013-02-27 06:25:50'),
(1757, '2013-02-27 06:25:56', '2013-02-27 06:26:15'),
(1758, '2013-02-27 06:26:18', '2013-02-27 06:26:27'),
(1759, '2013-02-27 06:26:32', '2013-02-27 06:26:40'),
(1760, '2013-02-27 06:26:40', '2013-02-27 06:26:50'),
(1761, '2013-02-27 06:26:51', '2013-02-27 06:26:59'),
(1762, '2013-02-27 06:27:29', '2013-02-27 06:27:53'),
(1763, '2013-02-27 06:28:05', '2013-02-27 06:28:44'),
(1764, '2013-02-27 06:28:45', '2013-02-27 06:28:54'),
(1765, '2013-02-27 06:28:58', '2013-02-27 06:29:24'),
(1766, '2013-02-27 06:29:26', '2013-02-27 06:30:12'),
(1767, '2013-02-27 06:30:31', '2013-02-27 06:30:39'),
(1768, '2013-02-27 06:30:41', '2013-02-27 06:31:40'),
(1769, '2013-02-27 06:32:05', '2013-02-27 06:32:13'),
(1770, '2013-02-27 06:32:25', '2013-02-27 06:33:26'),
(1771, '2013-02-27 06:33:27', '2013-02-27 06:34:33'),
(1772, '2013-02-27 06:35:02', '2013-02-27 06:35:49'),
(1773, '2013-02-27 06:35:57', '2013-02-27 06:36:05'),
(1774, '2013-02-27 06:36:09', '2013-02-27 06:36:22'),
(1775, '2013-02-27 06:36:37', '2013-02-27 06:36:57'),
(1776, '2013-02-27 06:37:02', '2013-02-27 06:37:09'),
(1777, '2013-02-27 06:37:12', '2013-02-27 06:37:35'),
(1778, '2013-02-27 06:37:45', '2013-02-27 06:37:52'),
(1779, '2013-02-27 06:38:11', '2013-02-27 06:38:28'),
(1780, '2013-02-27 06:38:29', '2013-02-27 06:38:37'),
(1781, '2013-02-27 06:38:38', '2013-02-27 06:38:55'),
(1782, '2013-02-27 06:38:59', '2013-02-27 06:39:28'),
(1783, '2013-02-27 06:39:56', '2013-02-27 06:40:18'),
(1784, '2013-02-27 06:40:20', '2013-02-27 06:41:06'),
(1785, '2013-02-27 06:41:28', '2013-02-27 06:42:03'),
(1786, '2013-02-27 06:42:07', '2013-02-27 06:43:05'),
(1787, '2013-02-27 06:43:30', '2013-02-27 06:43:37'),
(1788, '2013-02-27 06:43:40', '2013-02-27 06:44:06'),
(1789, '2013-02-27 06:44:27', '2013-02-27 06:44:41'),
(1790, '2013-02-27 06:44:49', '2013-02-27 06:44:59'),
(1791, '2013-02-27 06:45:04', '2013-02-27 06:45:11'),
(1792, '2013-02-27 06:45:50', '2013-02-27 06:46:03'),
(1793, '2013-02-27 06:46:09', '2013-02-27 06:46:26'),
(1794, '2013-02-27 06:46:48', '2013-02-27 06:46:57'),
(1795, '2013-02-27 06:46:59', '2013-02-27 06:47:07'),
(1796, '2013-02-27 06:47:07', '2013-02-27 06:47:15'),
(1797, '2013-02-27 06:47:30', '2013-02-27 06:47:38'),
(1798, '2013-02-27 06:48:02', '2013-02-27 06:48:38'),
(1799, '2013-02-27 06:48:42', '2013-02-27 06:48:50'),
(1800, '2013-02-27 06:49:14', '2013-02-27 06:49:40'),
(1801, '2013-02-27 06:49:40', '2013-02-27 06:50:09'),
(1802, '2013-02-27 06:50:12', '2013-02-27 06:51:26'),
(1803, '2013-02-27 06:51:30', '2013-02-27 06:51:58'),
(1804, '2013-02-27 06:51:58', '2013-02-27 06:52:16'),
(1805, '2013-02-27 06:52:17', '2013-02-27 06:53:08'),
(1806, '2013-02-27 06:53:09', '2013-02-27 06:53:38'),
(1807, '2013-02-27 06:53:55', '2013-02-27 06:54:12'),
(1808, '2013-02-27 06:54:22', '2013-02-27 06:55:57'),
(1809, '2013-02-27 06:55:57', '2013-02-27 06:56:31'),
(1810, '2013-02-27 06:56:32', '2013-02-27 06:56:56'),
(1811, '2013-02-27 06:56:57', '2013-02-27 06:57:33'),
(1812, '2013-02-27 06:57:36', '2013-02-27 06:58:12'),
(1813, '2013-02-27 06:58:24', '2013-02-27 06:59:14'),
(1814, '2013-02-27 06:59:19', '2013-02-27 06:59:53'),
(1815, '2013-02-27 06:59:59', '2013-02-27 07:00:17'),
(1816, '2013-02-27 07:00:19', '2013-02-27 07:00:33'),
(1817, '2013-02-27 07:00:34', '2013-02-27 07:01:03'),
(1818, '2013-02-27 07:01:28', '2013-02-27 07:01:58'),
(1819, '2013-02-27 07:02:02', '2013-02-27 07:02:10'),
(1820, '2013-02-27 07:02:12', '2013-02-27 07:02:20'),
(1821, '2013-02-27 07:02:24', '2013-02-27 07:03:22'),
(1822, '2013-02-27 07:03:26', '2013-02-27 07:03:34'),
(1823, '2013-02-27 07:03:40', '2013-02-27 07:03:48'),
(1824, '2013-02-27 07:03:52', '2013-02-27 07:04:00'),
(1825, '2013-02-27 07:04:01', '2013-02-27 07:04:09'),
(1826, '2013-02-27 07:04:10', '2013-02-27 07:04:34'),
(1827, '2013-02-27 07:04:51', '2013-02-27 07:05:39'),
(1828, '2013-02-27 07:05:40', '2013-02-27 07:05:49'),
(1829, '2013-02-27 07:06:17', '2013-02-27 07:06:50'),
(1830, '2013-02-27 07:06:52', '2013-02-27 07:07:10'),
(1831, '2013-02-27 07:07:16', '2013-02-27 07:07:44'),
(1832, '2013-02-27 07:07:54', '2013-02-27 07:08:04'),
(1833, '2013-02-27 07:08:12', '2013-02-27 07:08:20'),
(1834, '2013-02-27 07:08:21', '2013-02-27 07:08:40'),
(1835, '2013-02-27 07:08:52', '2013-02-27 07:09:00'),
(1836, '2013-02-27 07:09:31', '2013-02-27 07:09:39'),
(1837, '2013-02-27 07:10:03', '2013-02-27 07:10:14'),
(1838, '2013-02-27 07:10:32', '2013-02-27 07:10:40'),
(1839, '2013-02-27 07:11:00', '2013-02-27 07:11:10'),
(1840, '2013-02-27 07:11:19', '2013-02-27 07:11:36'),
(1841, '2013-02-27 07:11:39', '2013-02-27 07:12:10'),
(1842, '2013-02-27 07:12:18', '2013-02-27 07:12:26'),
(1843, '2013-02-27 07:12:29', '2013-02-27 07:12:50'),
(1844, '2013-02-27 07:13:00', '2013-02-27 07:13:09'),
(1845, '2013-02-27 07:13:15', '2013-02-27 07:13:29'),
(1846, '2013-02-27 07:13:51', '2013-02-27 07:13:59'),
(1847, '2013-02-27 07:14:23', '2013-02-27 07:14:33'),
(1848, '2013-02-27 07:14:35', '2013-02-27 07:14:43'),
(1849, '2013-02-27 07:15:02', '2013-02-27 07:15:12'),
(1850, '2013-02-27 07:15:37', '2013-02-27 07:15:45'),
(1851, '2013-02-27 07:16:05', '2013-02-27 07:16:15'),
(1852, '2013-02-27 07:17:01', '2013-02-27 07:17:25'),
(1853, '2013-02-27 07:17:28', '2013-02-27 07:17:54'),
(1854, '2013-02-27 07:17:55', '2013-02-27 07:18:26'),
(1855, '2013-02-27 07:18:31', '2013-02-27 07:18:39'),
(1856, '2013-02-27 07:18:47', '2013-02-27 07:19:37'),
(1857, '2013-02-27 07:19:59', '2013-02-27 07:20:24'),
(1858, '2013-02-27 07:20:34', '2013-02-27 07:20:52'),
(1859, '2013-02-27 07:21:00', '2013-02-27 07:21:09'),
(1860, '2013-02-27 07:21:15', '2013-02-27 07:21:23'),
(1861, '2013-02-27 07:21:28', '2013-02-27 07:21:37'),
(1862, '2013-02-27 07:21:44', '2013-02-27 07:22:12'),
(1863, '2013-02-27 07:22:16', '2013-02-27 07:22:32'),
(1864, '2013-02-27 07:22:40', '2013-02-27 07:22:57'),
(1865, '2013-02-27 07:23:06', '2013-02-27 07:23:18'),
(1866, '2013-02-27 07:23:19', '2013-02-27 07:23:48'),
(1867, '2013-02-27 07:24:14', '2013-02-27 07:24:30'),
(1868, '2013-02-27 07:24:59', '2013-02-27 07:25:16'),
(1869, '2013-02-27 07:25:19', '2013-02-27 07:26:04'),
(1870, '2013-02-27 07:26:11', '2013-02-27 07:26:42'),
(1871, '2013-02-27 07:26:45', '2013-02-27 07:26:53'),
(1872, '2013-02-27 07:27:18', '2013-02-27 07:27:37'),
(1873, '2013-02-27 07:27:37', '2013-02-27 07:27:54'),
(1874, '2013-02-27 07:28:03', '2013-02-27 07:28:25'),
(1875, '2013-02-27 07:28:38', '2013-02-27 07:28:51'),
(1876, '2013-02-27 07:28:51', '2013-02-27 07:29:12'),
(1877, '2013-02-27 07:29:22', '2013-02-27 07:29:31'),
(1878, '2013-02-27 07:29:32', '2013-02-27 07:29:43'),
(1879, '2013-02-27 07:29:46', '2013-02-27 07:29:55'),
(1880, '2013-02-27 07:29:57', '2013-02-27 07:30:23'),
(1881, '2013-02-27 07:30:32', '2013-02-27 07:30:42'),
(1882, '2013-02-27 07:30:49', '2013-02-27 07:31:08'),
(1883, '2013-02-27 07:31:25', '2013-02-27 07:31:33'),
(1884, '2013-02-27 07:32:04', '2013-02-27 07:32:22'),
(1885, '2013-02-27 07:32:29', '2013-02-27 07:32:38'),
(1886, '2013-02-27 07:32:51', '2013-02-27 07:33:01'),
(1887, '2013-02-27 07:33:12', '2013-02-27 07:33:22'),
(1888, '2013-02-27 07:34:45', '2013-02-27 07:34:54'),
(1889, '2013-02-27 07:35:26', '2013-02-27 07:35:34'),
(1890, '2013-02-27 07:35:45', '2013-02-27 07:36:12'),
(1891, '2013-02-27 07:36:19', '2013-02-27 07:36:38'),
(1892, '2013-02-27 07:36:40', '2013-02-27 07:36:52'),
(1893, '2013-02-27 07:37:00', '2013-02-27 07:37:11'),
(1894, '2013-02-27 07:37:26', '2013-02-27 07:37:44'),
(1895, '2013-02-27 07:37:47', '2013-02-27 07:40:25'),
(1896, '2013-02-27 07:40:27', '2013-02-27 07:41:04'),
(1897, '2013-02-27 07:41:15', '2013-02-27 07:41:27'),
(1898, '2013-02-27 07:41:35', '2013-02-27 07:42:26'),
(1899, '2013-02-27 07:42:26', '2013-02-27 07:42:41'),
(1900, '2013-02-27 07:42:41', '2013-02-27 07:42:49'),
(1901, '2013-02-27 07:42:57', '2013-02-27 07:43:17'),
(1902, '2013-02-27 07:43:19', '2013-02-27 07:43:42'),
(1903, '2013-02-27 07:44:07', '2013-02-27 07:44:22'),
(1904, '2013-02-27 07:44:28', '2013-02-27 07:44:43'),
(1905, '2013-02-27 07:44:52', '2013-02-27 07:45:01'),
(1906, '2013-02-27 07:46:26', '2013-02-27 07:46:34'),
(1907, '2013-02-27 07:47:27', '2013-02-27 07:47:38'),
(1908, '2013-02-27 07:48:28', '2013-02-27 07:49:46'),
(1909, '2013-02-27 07:50:11', '2013-02-27 07:50:52'),
(1910, '2013-02-27 07:53:00', '2013-02-27 07:53:22'),
(1911, '2013-02-27 07:53:33', '2013-02-27 07:53:41'),
(1912, '2013-02-27 07:53:47', '2013-02-27 07:54:03'),
(1913, '2013-02-27 07:54:05', '2013-02-27 07:54:13'),
(1914, '2013-02-27 07:54:30', '2013-02-27 07:55:13'),
(1915, '2013-02-27 07:55:20', '2013-02-27 07:55:29'),
(1916, '2013-02-27 07:55:29', '2013-02-27 07:55:37'),
(1917, '2013-02-27 08:23:15', '2013-02-27 08:23:23'),
(1918, '2013-02-27 08:28:22', '2013-02-27 08:29:10'),
(1919, '2013-02-27 08:29:42', '2013-02-27 08:29:57'),
(1920, '2013-02-27 08:29:58', '2013-02-27 08:30:12'),
(1921, '2013-02-27 08:30:17', '2013-02-27 08:30:25'),
(1922, '2013-02-27 08:30:27', '2013-02-27 08:30:43'),
(1923, '2013-02-27 08:31:34', '2013-02-27 08:32:07'),
(1924, '2013-02-27 08:32:07', '2013-02-27 08:32:20'),
(1925, '2013-02-27 08:32:22', '2013-02-27 08:32:31'),
(1926, '2013-02-27 08:35:50', '2013-02-27 08:35:58'),
(1927, '2013-02-27 08:36:27', '2013-02-27 08:36:45'),
(1928, '2013-02-27 08:36:55', '2013-02-27 08:37:20'),
(1929, '2013-02-27 08:37:24', '2013-02-27 08:37:37'),
(1930, '2013-02-27 08:38:50', '2013-02-27 08:39:34'),
(1931, '2013-02-27 08:39:36', '2013-02-27 08:39:53'),
(1932, '2013-02-27 08:41:25', '2013-02-27 08:41:33'),
(1933, '2013-02-27 08:42:31', '2013-02-27 08:42:39'),
(1934, '2013-02-27 08:42:44', '2013-02-27 08:43:06'),
(1935, '2013-02-27 08:49:06', '2013-02-27 08:49:30'),
(1936, '2013-02-27 08:49:37', '2013-02-27 08:49:45'),
(1937, '2013-02-27 08:50:01', '2013-02-27 08:50:14'),
(1938, '2013-02-27 08:50:21', '2013-02-27 08:50:31'),
(1939, '2013-02-27 08:50:33', '2013-02-27 08:50:42'),
(1940, '2013-02-27 08:50:51', '2013-02-27 08:50:59'),
(1941, '2013-02-27 08:51:21', '2013-02-27 08:51:32'),
(1942, '2013-02-27 08:51:57', '2013-02-27 08:52:14'),
(1943, '2013-02-27 08:52:27', '2013-02-27 08:52:41'),
(1944, '2013-02-27 08:52:48', '2013-02-27 08:53:04'),
(1945, '2013-02-27 08:53:06', '2013-02-27 08:53:16'),
(1946, '2013-02-27 08:53:20', '2013-02-27 08:53:48'),
(1947, '2013-02-27 08:54:02', '2013-02-27 08:54:15'),
(1948, '2013-02-27 08:54:45', '2013-02-27 08:55:00'),
(1949, '2013-02-27 08:55:00', '2013-02-27 08:55:26'),
(1950, '2013-02-27 08:55:27', '2013-02-27 08:55:42'),
(1951, '2013-02-27 08:55:45', '2013-02-27 08:55:58'),
(1952, '2013-02-27 08:56:09', '2013-02-27 08:56:46'),
(1953, '2013-02-27 08:56:46', '2013-02-27 08:56:59'),
(1954, '2013-02-27 08:57:00', '2013-02-27 08:57:08'),
(1955, '2013-02-27 08:57:30', '2013-02-27 08:58:08'),
(1956, '2013-02-27 08:58:12', '2013-02-27 08:58:29'),
(1957, '2013-02-27 08:58:48', '2013-02-27 09:00:53'),
(1958, '2013-02-27 09:01:09', '2013-02-27 09:03:08'),
(1959, '2013-02-27 09:03:08', '2013-02-27 09:03:30'),
(1960, '2013-02-27 09:03:30', '2013-02-27 09:03:49'),
(1961, '2013-02-27 09:03:51', '2013-02-27 09:03:59'),
(1962, '2013-02-27 09:04:12', '2013-02-27 09:05:04'),
(1963, '2013-02-27 09:05:29', '2013-02-27 09:05:42'),
(1964, '2013-02-27 09:07:05', '2013-02-27 09:07:17'),
(1965, '2013-02-27 09:07:29', '2013-02-27 09:07:42'),
(1966, '2013-02-27 09:08:06', '2013-02-27 09:08:23'),
(1967, '2013-02-27 09:08:23', '2013-02-27 09:08:41'),
(1968, '2013-02-27 09:08:43', '2013-02-27 09:08:53'),
(1969, '2013-02-27 09:08:54', '2013-02-27 09:09:10'),
(1970, '2013-02-27 09:09:42', '2013-02-27 09:09:50'),
(1971, '2013-02-27 09:10:07', '2013-02-27 09:10:16'),
(1972, '2013-02-27 09:10:25', '2013-02-27 09:10:34'),
(1973, '2013-02-27 09:11:23', '2013-02-27 09:11:31'),
(1974, '2013-02-27 09:11:33', '2013-02-27 09:11:44'),
(1975, '2013-02-27 09:11:46', '2013-02-27 09:12:01'),
(1976, '2013-02-27 09:12:06', '2013-02-27 09:12:56'),
(1977, '2013-02-27 09:12:59', '2013-02-27 09:13:25'),
(1978, '2013-02-27 09:13:33', '2013-02-27 09:15:05'),
(1979, '2013-02-27 09:15:07', '2013-02-27 09:16:09'),
(1980, '2013-02-27 09:16:17', '2013-02-27 09:16:24'),
(1981, '2013-02-27 09:16:27', '2013-02-27 09:17:18'),
(1982, '2013-02-27 09:17:19', '2013-02-27 09:17:31'),
(1983, '2013-02-27 09:17:33', '2013-02-27 09:17:48'),
(1984, '2013-02-27 09:17:57', '2013-02-27 09:18:06'),
(1985, '2013-02-27 09:18:11', '2013-02-27 09:18:21'),
(1986, '2013-02-27 09:18:37', '2013-02-27 09:19:52'),
(1987, '2013-02-27 09:20:16', '2013-02-27 09:20:25'),
(1988, '2013-02-27 09:20:42', '2013-02-27 09:20:50'),
(1989, '2013-02-27 09:20:59', '2013-02-27 09:21:32'),
(1990, '2013-02-27 09:21:37', '2013-02-27 09:21:45'),
(1991, '2013-02-27 09:21:56', '2013-02-27 09:22:05'),
(1992, '2013-02-27 09:22:21', '2013-02-27 09:22:30'),
(1993, '2013-02-27 09:22:33', '2013-02-27 09:22:41'),
(1994, '2013-02-27 09:22:52', '2013-02-27 09:23:01'),
(1995, '2013-02-27 09:23:56', '2013-02-27 09:24:13'),
(1996, '2013-02-27 09:24:29', '2013-02-27 09:24:44'),
(1997, '2013-02-27 09:24:47', '2013-02-27 09:26:48'),
(1998, '2013-02-27 09:26:50', '2013-02-27 09:27:13'),
(1999, '2013-02-27 09:27:14', '2013-02-27 09:27:22'),
(2000, '2013-02-27 09:27:23', '2013-02-27 09:29:39'),
(2001, '2013-02-27 09:30:23', '2013-02-27 09:30:55'),
(2002, '2013-02-27 09:31:13', '2013-02-27 09:31:27'),
(2003, '2013-02-27 09:31:33', '2013-02-27 09:31:41'),
(2004, '2013-02-27 09:31:51', '2013-02-27 09:31:59'),
(2005, '2013-02-27 09:32:07', '2013-02-27 09:35:00'),
(2006, '2013-02-27 09:35:03', '2013-02-27 09:35:44'),
(2007, '2013-02-27 09:35:49', '2013-02-27 09:37:33'),
(2008, '2013-02-27 09:37:38', '2013-02-27 09:37:53'),
(2009, '2013-02-27 09:37:53', '2013-02-27 09:38:15'),
(2010, '2013-02-27 09:38:17', '2013-02-27 09:38:39'),
(2011, '2013-02-27 09:38:42', '2013-02-27 09:39:05'),
(2012, '2013-02-27 09:39:05', '2013-02-27 09:39:37'),
(2013, '2013-02-27 09:39:40', '2013-02-27 09:40:03'),
(2014, '2013-02-27 09:40:07', '2013-02-27 09:40:36'),
(2015, '2013-02-27 09:40:36', '2013-02-27 09:41:09'),
(2016, '2013-02-27 09:41:10', '2013-02-27 09:42:15'),
(2017, '2013-02-27 09:42:15', '2013-02-27 09:43:54'),
(2018, '2013-02-27 09:44:00', '2013-02-27 09:44:30'),
(2019, '2013-02-27 09:44:36', '2013-02-27 09:44:47'),
(2020, '2013-02-27 09:44:54', '2013-02-27 09:45:09'),
(2021, '2013-02-27 09:45:14', '2013-02-27 09:45:25'),
(2022, '2013-02-27 09:46:03', '2013-02-27 09:47:05'),
(2023, '2013-02-27 09:47:06', '2013-02-27 09:49:17'),
(2024, '2013-02-27 09:49:18', '2013-02-27 09:49:32'),
(2025, '2013-02-27 09:49:34', '2013-02-27 09:50:20'),
(2026, '2013-02-27 09:50:22', '2013-02-27 09:50:39'),
(2027, '2013-02-27 09:50:40', '2013-02-27 09:51:02'),
(2028, '2013-02-27 09:51:03', '2013-02-27 09:52:47'),
(2029, '2013-02-27 09:52:53', '2013-02-27 09:53:01'),
(2030, '2013-02-27 09:53:11', '2013-02-27 09:54:05'),
(2031, '2013-02-27 09:54:07', '2013-02-27 09:55:13'),
(2032, '2013-02-27 09:55:16', '2013-02-27 09:55:31'),
(2033, '2013-02-27 09:55:37', '2013-02-27 09:55:45'),
(2034, '2013-02-27 09:55:46', '2013-02-27 09:56:08'),
(2035, '2013-02-27 09:56:17', '2013-02-27 09:56:41'),
(2036, '2013-02-27 09:56:42', '2013-02-27 09:56:55'),
(2037, '2013-02-27 09:56:56', '2013-02-27 09:58:22'),
(2038, '2013-02-27 09:58:22', '2013-02-27 09:58:44'),
(2039, '2013-02-27 09:58:56', '2013-02-27 09:59:06'),
(2040, '2013-02-27 09:59:10', '2013-02-27 10:00:10'),
(2041, '2013-02-27 10:00:12', '2013-02-27 10:00:27'),
(2042, '2013-02-27 10:00:29', '2013-02-27 10:00:40'),
(2043, '2013-02-27 10:00:56', '2013-02-27 10:01:42'),
(2044, '2013-02-27 10:01:48', '2013-02-27 10:01:56'),
(2045, '2013-02-27 10:01:58', '2013-02-27 10:02:07'),
(2046, '2013-02-27 10:02:08', '2013-02-27 10:02:36'),
(2047, '2013-02-27 10:02:38', '2013-02-27 10:02:53'),
(2048, '2013-02-27 10:02:56', '2013-02-27 10:03:11'),
(2049, '2013-02-27 10:03:21', '2013-02-27 10:03:42'),
(2050, '2013-02-27 10:03:44', '2013-02-27 10:03:54'),
(2051, '2013-02-27 10:03:56', '2013-02-27 10:04:24'),
(2052, '2013-02-27 10:04:35', '2013-02-27 10:04:44'),
(2053, '2013-02-27 10:04:55', '2013-02-27 10:05:07'),
(2054, '2013-02-27 10:05:07', '2013-02-27 10:05:15'),
(2055, '2013-02-27 10:05:19', '2013-02-27 10:06:53'),
(2056, '2013-02-27 10:06:55', '2013-02-27 10:07:52'),
(2057, '2013-02-27 10:08:04', '2013-02-27 10:08:12'),
(2058, '2013-02-27 10:08:17', '2013-02-27 10:08:34'),
(2059, '2013-02-27 10:08:37', '2013-02-27 10:09:07'),
(2060, '2013-02-27 10:09:11', '2013-02-27 10:09:31'),
(2061, '2013-02-27 10:09:32', '2013-02-27 10:09:44'),
(2062, '2013-02-27 10:10:11', '2013-02-27 10:10:21'),
(2063, '2013-02-27 10:11:01', '2013-02-27 10:11:09'),
(2064, '2013-02-27 10:11:34', '2013-02-27 10:11:58'),
(2065, '2013-02-27 10:12:08', '2013-02-27 10:12:16'),
(2066, '2013-02-27 10:12:23', '2013-02-27 10:12:31'),
(2067, '2013-02-27 10:12:36', '2013-02-27 10:12:47'),
(2068, '2013-02-27 10:13:03', '2013-02-27 10:13:57'),
(2069, '2013-02-27 10:13:59', '2013-02-27 10:14:11'),
(2070, '2013-02-27 10:14:13', '2013-02-27 10:14:28'),
(2071, '2013-02-27 10:14:32', '2013-02-27 10:14:46'),
(2072, '2013-02-27 10:14:48', '2013-02-27 10:14:55'),
(2073, '2013-02-27 10:15:08', '2013-02-27 10:15:35'),
(2074, '2013-02-27 10:15:41', '2013-02-27 10:15:49'),
(2075, '2013-02-27 10:15:51', '2013-02-27 10:15:58'),
(2076, '2013-02-27 10:16:01', '2013-02-27 10:16:46'),
(2077, '2013-02-27 10:17:02', '2013-02-27 10:17:22'),
(2078, '2013-02-27 10:17:25', '2013-02-27 10:17:53'),
(2079, '2013-02-27 10:18:24', '2013-02-27 10:18:39'),
(2080, '2013-02-27 10:18:49', '2013-02-27 10:19:11'),
(2081, '2013-02-27 10:19:19', '2013-02-27 10:20:20'),
(2082, '2013-02-27 10:20:22', '2013-02-27 10:20:43'),
(2083, '2013-02-27 10:20:46', '2013-02-27 10:20:56'),
(2084, '2013-02-27 10:20:57', '2013-02-27 10:21:11'),
(2085, '2013-02-27 10:21:17', '2013-02-27 10:22:01'),
(2086, '2013-02-27 10:22:15', '2013-02-27 10:22:26'),
(2087, '2013-02-27 10:22:26', '2013-02-27 10:22:37'),
(2088, '2013-02-27 10:22:39', '2013-02-27 10:22:48'),
(2089, '2013-02-27 10:22:55', '2013-02-27 10:23:13'),
(2090, '2013-02-27 10:23:36', '2013-02-27 10:23:57'),
(2091, '2013-02-27 10:23:57', '2013-02-27 10:24:22'),
(2092, '2013-02-27 10:24:23', '2013-02-27 10:24:31'),
(2093, '2013-02-27 10:24:35', '2013-02-27 10:24:43'),
(2094, '2013-02-27 10:24:54', '2013-02-27 10:25:07'),
(2095, '2013-02-27 10:25:19', '2013-02-27 10:26:26'),
(2096, '2013-02-27 10:26:28', '2013-02-27 10:26:36'),
(2097, '2013-02-27 10:26:44', '2013-02-27 10:26:54'),
(2098, '2013-02-27 10:27:02', '2013-02-27 10:27:11'),
(2099, '2013-02-27 10:27:19', '2013-02-27 10:27:59'),
(2100, '2013-02-27 10:28:02', '2013-02-27 10:28:13'),
(2101, '2013-02-27 10:28:15', '2013-02-27 10:28:23'),
(2102, '2013-02-27 10:28:25', '2013-02-27 10:28:34'),
(2103, '2013-02-27 10:28:40', '2013-02-27 10:29:46'),
(2104, '2013-02-27 10:29:50', '2013-02-27 10:29:57'),
(2105, '2013-02-27 10:29:59', '2013-02-27 10:30:22'),
(2106, '2013-02-27 10:30:27', '2013-02-27 10:30:50'),
(2107, '2013-02-27 10:30:55', '2013-02-27 10:31:11'),
(2108, '2013-02-27 10:31:13', '2013-02-27 10:31:21'),
(2109, '2013-02-27 10:31:32', '2013-02-27 10:31:48'),
(2110, '2013-02-27 10:31:50', '2013-02-27 10:32:19'),
(2111, '2013-02-27 10:32:19', '2013-02-27 10:32:55'),
(2112, '2013-02-27 10:33:00', '2013-02-27 10:33:46'),
(2113, '2013-02-27 10:33:50', '2013-02-27 10:34:03'),
(2114, '2013-02-27 10:34:07', '2013-02-27 10:35:02'),
(2115, '2013-02-27 10:35:08', '2013-02-27 10:35:29'),
(2116, '2013-02-27 10:35:33', '2013-02-27 10:36:20'),
(2117, '2013-02-27 10:36:21', '2013-02-27 10:36:29'),
(2118, '2013-02-27 10:36:35', '2013-02-27 10:36:51'),
(2119, '2013-02-27 10:37:36', '2013-02-27 10:37:47'),
(2120, '2013-02-27 10:37:49', '2013-02-27 10:38:00'),
(2121, '2013-02-27 10:38:01', '2013-02-27 10:38:47'),
(2122, '2013-02-27 10:38:48', '2013-02-27 10:38:56'),
(2123, '2013-02-27 10:38:58', '2013-02-27 10:41:33'),
(2124, '2013-02-27 10:41:36', '2013-02-27 10:45:33'),
(2125, '2013-02-27 10:46:03', '2013-02-27 10:46:25'),
(2126, '2013-02-27 10:46:31', '2013-02-27 10:46:39'),
(2127, '2013-02-27 10:46:44', '2013-02-27 10:46:52'),
(2128, '2013-02-27 10:46:59', '2013-02-27 10:47:39'),
(2129, '2013-02-27 10:47:41', '2013-02-27 10:47:57'),
(2130, '2013-02-27 10:48:05', '2013-02-27 10:48:31'),
(2131, '2013-02-27 10:48:32', '2013-02-27 10:48:46'),
(2132, '2013-02-27 10:48:57', '2013-02-27 10:49:22'),
(2133, '2013-02-27 10:49:24', '2013-02-27 10:49:32'),
(2134, '2013-02-27 10:49:35', '2013-02-27 10:50:44'),
(2135, '2013-02-27 10:50:47', '2013-02-27 10:51:13'),
(2136, '2013-02-27 10:51:17', '2013-02-27 10:51:32'),
(2137, '2013-02-27 10:51:34', '2013-02-27 10:51:57');

-- --------------------------------------------------------

--
-- Table structure for table `attendance_records`
--

CREATE TABLE IF NOT EXISTS `attendance_records` (
  `student_id` int(10) NOT NULL,
  `practical_id` int(11) NOT NULL,
  `capture_timestamp` timestamp NOT NULL DEFAULT CURRENT_TIMESTAMP,
  PRIMARY KEY (`student_id`,`practical_id`,`capture_timestamp`),
  KEY `practical_id` (`practical_id`)
) ENGINE=InnoDB DEFAULT CHARSET=latin1;

--
-- Dumping data for table `attendance_records`
--

INSERT INTO `attendance_records` (`student_id`, `practical_id`, `capture_timestamp`) VALUES
(2, 12, '2013-04-10 07:22:56'),
(2, 12, '2013-04-10 07:23:56'),
(2, 12, '2013-04-10 07:24:56'),
(2, 12, '2013-04-10 07:25:56'),
(2, 12, '2013-04-10 07:31:56'),
(2, 12, '2013-04-10 07:37:56'),
(2, 12, '2013-04-10 07:38:56'),
(2, 12, '2013-04-10 07:39:56'),
(2, 12, '2013-04-10 07:40:56'),
(2, 12, '2013-04-10 07:41:56'),
(2, 12, '2013-04-10 07:42:56'),
(2, 12, '2013-04-10 07:43:56'),
(2, 12, '2013-04-10 07:44:56'),
(2, 12, '2013-04-10 07:45:56'),
(2, 12, '2013-04-10 07:46:56'),
(2, 12, '2013-04-10 07:47:57'),
(2, 12, '2013-04-10 07:48:57'),
(2, 12, '2013-04-10 07:49:57'),
(2, 12, '2013-04-10 07:50:57'),
(2, 12, '2013-04-10 07:51:57');

-- --------------------------------------------------------

--
-- Table structure for table `faculty`
--

CREATE TABLE IF NOT EXISTS `faculty` (
  `id` int(11) NOT NULL,
  `name` varchar(50) NOT NULL,
  `username` varchar(25) NOT NULL,
  `password` varchar(25) NOT NULL,
  PRIMARY KEY (`id`)
) ENGINE=InnoDB DEFAULT CHARSET=latin1;

--
-- Dumping data for table `faculty`
--

INSERT INTO `faculty` (`id`, `name`, `username`, `password`) VALUES
(1, 'Allan Pinto', 'allan', 'allan'),
(2, 'Uma Sahu', 'uma', 'uma'),
(3, 'Steffi Monteiro', 'steffi', 'steffi'),
(4, 'Nilakshi Joshi', 'nilakshi', 'nilakshi');

-- --------------------------------------------------------

--
-- Table structure for table `laboratory`
--

CREATE TABLE IF NOT EXISTS `laboratory` (
  `lab_id` int(11) NOT NULL,
  `lab_name` varchar(15) NOT NULL,
  `lab_location` varchar(20) NOT NULL,
  PRIMARY KEY (`lab_id`)
) ENGINE=InnoDB DEFAULT CHARSET=latin1;

--
-- Dumping data for table `laboratory`
--

INSERT INTO `laboratory` (`lab_id`, `lab_name`, `lab_location`) VALUES
(1, 'Comp Lab 4', 'Second Floor'),
(2, 'Hardware Lab', 'Second Floor'),
(3, 'Multimedia Lab', 'Second Floor'),
(4, 'Comp Lab 3', 'Second Floor'),
(5, 'Project Lab', 'Second Floor');

-- --------------------------------------------------------

--
-- Table structure for table `practical_sessions`
--

CREATE TABLE IF NOT EXISTS `practical_sessions` (
  `id` int(11) NOT NULL AUTO_INCREMENT,
  `subject` varchar(10) NOT NULL,
  `class` varchar(10) NOT NULL,
  `batch_no` int(11) NOT NULL DEFAULT '0',
  `day` int(11) NOT NULL,
  `lab_id` int(11) NOT NULL,
  `faculty_incharge` varchar(50) NOT NULL,
  `start_time` time NOT NULL,
  `end_time` time NOT NULL,
  PRIMARY KEY (`id`),
  KEY `lab_id` (`lab_id`)
) ENGINE=InnoDB  DEFAULT CHARSET=latin1 AUTO_INCREMENT=13 ;

--
-- Dumping data for table `practical_sessions`
--

INSERT INTO `practical_sessions` (`id`, `subject`, `class`, `batch_no`, `day`, `lab_id`, `faculty_incharge`, `start_time`, `end_time`) VALUES
(1, 'HCI', 'BE-Comps', 1, 4, 1, 'Allan Pinto', '15:00:00', '17:00:00'),
(2, 'HCI', 'BE-Comps', 2, 1, 1, 'Allan Pinto', '09:00:00', '11:00:00'),
(3, 'MSD', 'BE-Comps', 1, 2, 3, 'Steffi Monteiro', '14:00:00', '16:00:00'),
(4, 'MSD', 'BE-Comps', 2, 5, 3, 'Steffi Monteiro', '15:00:00', '17:00:00'),
(5, 'MSD', 'BE-Comps', 3, 4, 3, 'Steffi Monteiro', '11:15:00', '13:15:00'),
(6, 'DC', 'BE-Comps', 1, 4, 2, 'Nilakshi Joshi', '11:15:00', '13:15:00'),
(7, 'DC', 'BE-Comps', 2, 2, 2, 'Nilakshi Joshi', '14:00:00', '16:00:00'),
(8, 'DC', 'BE-Comps', 3, 5, 2, 'Nilakshi Joshi', '15:00:00', '17:00:00'),
(9, 'SA', 'BE-Comps', 1, 5, 1, 'Uma Sahu', '15:00:00', '17:00:00'),
(10, 'SA', 'BE-Comps', 2, 4, 1, 'Uma Sahu', '11:15:00', '13:15:00'),
(11, 'SA', 'BE-Comps', 3, 2, 1, 'Uma Sahu', '14:00:00', '16:00:00'),
(12, 'Project', 'BE-Comps', 0, 3, 5, 'Nilakshi Joshi', '09:00:00', '17:00:00');

-- --------------------------------------------------------

--
-- Table structure for table `students`
--

CREATE TABLE IF NOT EXISTS `students` (
  `id` int(11) NOT NULL AUTO_INCREMENT,
  `name` varchar(50) NOT NULL,
  `department` varchar(25) NOT NULL,
  `class` varchar(5) NOT NULL,
  `roll_no` int(11) NOT NULL,
  `bluetooth_mac` varchar(21) NOT NULL,
  `username` varchar(25) NOT NULL,
  PRIMARY KEY (`id`)
) ENGINE=InnoDB  DEFAULT CHARSET=latin1 AUTO_INCREMENT=4 ;

--
-- Dumping data for table `students`
--

INSERT INTO `students` (`id`, `name`, `department`, `class`, `roll_no`, `bluetooth_mac`, `username`) VALUES
(1, 'Sagar Raut', 'comps', 'BE', 60, 'F0:08:F1:3A:43:BD', 'sagar'),
(2, 'Alwin Crasto', 'Comps', 'BE', 11, 'BC:85:1F:5A:44:5C', 'alwin'),
(3, 'Sujeetkumar Sinha', 'Comps', 'BE', 67, '0C:DD:EF:17:7A:4D', 'sujeet');

-- --------------------------------------------------------

--
-- Table structure for table `subject`
--

CREATE TABLE IF NOT EXISTS `subject` (
  `id` int(11) NOT NULL,
  `subject` varchar(15) NOT NULL,
  PRIMARY KEY (`id`)
) ENGINE=InnoDB DEFAULT CHARSET=latin1;

--
-- Dumping data for table `subject`
--

INSERT INTO `subject` (`id`, `subject`) VALUES
(1, 'SA'),
(2, 'MSD'),
(3, 'HCI'),
(4, 'DC');

--
-- Constraints for dumped tables
--

--
-- Constraints for table `practical_sessions`
--
ALTER TABLE `practical_sessions`
  ADD CONSTRAINT `practical_sessions_ibfk_1` FOREIGN KEY (`lab_id`) REFERENCES `laboratory` (`lab_id`);

/*!40101 SET CHARACTER_SET_CLIENT=@OLD_CHARACTER_SET_CLIENT */;
/*!40101 SET CHARACTER_SET_RESULTS=@OLD_CHARACTER_SET_RESULTS */;
/*!40101 SET COLLATION_CONNECTION=@OLD_COLLATION_CONNECTION */;
